,timestamp,disk_id,model,failure,r_sectors,u_errors,n_b_written,command_timeout,current_pending_sector_count,uncorrectable_sector_count
6241,2022-05-19,ZA102LY0,ST8000NM0055,1.0,14408.0,145.0,88144210232.0,4295032833.0,0.0,0.0
21931,2021-07-02,ZA1098EW,ST8000NM0055,1.0,2416.0,18.0,88265619088.0,0.0,0.0,0.0
70074,2022-02-15,ZA10J1YG,ST8000NM0055,1.0,0.0,0.0,85084396816.0,0.0,0.0,0.0
123984,2018-09-29,ZA10RTN4,ST8000NM0055,1.0,0.0,0.0,45478094640.0,34360262668.0,0.0,0.0
130577,2021-07-24,ZA10V55F,ST8000NM0055,1.0,456.0,45.0,16705702832.0,65537.0,1000.0,1000.0
194617,2021-05-12,ZA11K24A,ST8000NM0055,1.0,55968.0,295.0,76509561784.0,0.0,8.0,8.0
219483,2019-01-28,ZA11SBWJ,ST8000NM0055,1.0,30872.0,4.0,50244639568.0,0.0,0.0,0.0
234997,2020-04-02,ZA120V8D,ST8000NM0055,1.0,24.0,0.0,72309611040.0,0.0,0.0,0.0
246520,2020-01-31,ZA125EAV,ST8000NM0055,1.0,0.0,0.0,19011404016.0,0.0,0.0,0.0
248586,2020-04-07,ZA125VRL,ST8000NM0055,1.0,4536.0,6.0,32607587648.0,0.0,0.0,0.0
249252,2021-10-27,ZA125W8X,ST8000NM0055,1.0,0.0,0.0,31227493040.0,0.0,0.0,0.0
282073,2021-04-05,ZA12ASN7,ST8000NM0055,1.0,40.0,3.0,73323851472.0,0.0,8.0,8.0
326618,2018-09-16,ZA12GTRM,ST8000NM0055,1.0,0.0,0.0,50819334808.0,0.0,0.0,0.0
442139,2019-04-19,ZA12SQA5,ST8000NM0055,1.0,32.0,0.0,50435637640.0,0.0,0.0,0.0
463980,2019-06-25,ZA12T10W,ST8000NM0055,1.0,1880.0,9.0,51510221392.0,0.0,32.0,32.0
467874,2019-09-09,ZA12TB4Q,ST8000NM0055,1.0,216.0,9.0,53756386752.0,0.0,24.0,24.0
646711,2019-01-21,ZA12X0AP,ST8000NM0055,1.0,0.0,0.0,46947185016.0,0.0,0.0,0.0
724491,2020-02-06,ZA12XDWY,ST8000NM0055,1.0,0.0,0.0,70249401096.0,0.0,0.0,0.0
736219,2018-09-19,ZA12XE7R,ST8000NM0055,1.0,0.0,0.0,33120201904.0,0.0,0.0,0.0
749705,2019-01-17,ZA12XGTD,ST8000NM0055,1.0,24.0,2.0,46271311944.0,0.0,16.0,16.0
781918,2020-12-17,ZA12XXFR,ST8000NM0055,1.0,288.0,38.0,69624033016.0,0.0,8.0,8.0
796363,2021-08-27,ZA12XY01,ST8000NM0055,1.0,8.0,0.0,77819781288.0,0.0,0.0,0.0
832245,2022-01-11,ZA12Y0NL,ST8000NM0055,1.0,9936.0,76.0,91710865928.0,0.0,16.0,16.0
862972,2021-05-24,ZA12Y223,ST8000NM0055,1.0,32744.0,72.0,75683967192.0,0.0,0.0,0.0
868575,2019-11-19,ZA12Y2C3,ST8000NM0055,1.0,0.0,0.0,56143606232.0,0.0,0.0,0.0
893784,2019-09-22,ZA12YBEG,ST8000NM0055,1.0,0.0,0.0,56321461536.0,0.0,0.0,0.0
903748,2018-05-12,ZA12YJEW,ST8000NM0055,1.0,6464.0,14.0,36525991760.0,0.0,0.0,0.0
909870,2019-02-27,ZA12YJK7,ST8000NM0055,1.0,72.0,0.0,46894443320.0,0.0,0.0,0.0
914763,2022-06-14,ZA12YJL1,ST8000NM0055,1.0,56.0,2.0,86258008680.0,0.0,0.0,0.0
942334,2021-09-22,ZA12YYQ0,ST8000NM0055,1.0,0.0,0.0,79531432136.0,0.0,0.0,0.0
961141,2020-02-21,ZA12Z061,ST8000NM0055,1.0,616.0,1.0,59866765688.0,8590131203.0,8.0,8.0
991450,2020-04-09,ZA12Z0GA,ST8000NM0055,1.0,0.0,0.0,61723561760.0,0.0,0.0,0.0
991784,2018-12-01,ZA12Z0JA,ST8000NM0055,1.0,0.0,1.0,45264848864.0,0.0,0.0,0.0
1046328,2020-09-18,ZA1300E1,ST8000NM0055,1.0,32240.0,12.0,46014336208.0,0.0,32.0,32.0
1062588,2020-09-07,ZA130MFB,ST8000NM0055,1.0,0.0,0.0,34718246312.0,0.0,0.0,0.0
1092493,2019-03-03,ZA131FYF,ST8000NM0055,1.0,0.0,2.0,33056826144.0,0.0,48.0,48.0
1108392,2019-05-28,ZA131WTR,ST8000NM0055,1.0,344.0,0.0,51688361168.0,0.0,256.0,256.0
1129409,2021-09-13,ZA132JQ3,ST8000NM0055,1.0,56.0,0.0,79497227608.0,0.0,0.0,0.0
1149171,2018-04-05,ZA132R2A,ST8000NM0055,1.0,0.0,0.0,34196851072.0,0.0,0.0,0.0
1167666,2019-06-05,ZA133J4B,ST8000NM0055,1.0,8.0,6.0,46440112160.0,0.0,8.0,8.0
1216706,2022-01-21,ZA134LY6,ST8000NM0055,1.0,8.0,0.0,67815212128.0,0.0,0.0,0.0
1400615,2018-03-17,ZA1393ZG,ST8000NM0055,1.0,0.0,0.0,4707594648.0,0.0,0.0,0.0
1406700,2021-06-19,ZA1395VB,ST8000NM0055,1.0,56633.0,141.0,76665931560.0,0.0,16.0,16.0
1438537,2022-01-20,ZA139FP9,ST8000NM0055,1.0,872.0,33.0,82328243840.0,0.0,8.0,8.0
1450087,2018-03-20,ZA139FRG,ST8000NM0055,1.0,1008.0,24.0,33661915160.0,0.0,48.0,48.0
1498870,2021-06-15,ZA139G2B,ST8000NM0055,1.0,32.0,0.0,76586578720.0,0.0,0.0,0.0
1556038,2021-12-25,ZA139GER,ST8000NM0055,1.0,14488.0,53.0,81043902944.0,0.0,0.0,0.0
1566722,2020-05-06,ZA139GJ2,ST8000NM0055,1.0,3874.0,9.0,65022393000.0,0.0,8.0,8.0
1584697,2022-05-10,ZA139GLQ,ST8000NM0055,1.0,3120.0,15.0,84007127488.0,0.0,0.0,0.0
1636651,2018-02-20,ZA139QQE,ST8000NM0055,1.0,0.0,0.0,36422811200.0,2.0,0.0,0.0
1641969,2019-02-07,ZA13AG2K,ST8000NM0055,1.0,40.0,0.0,47405832216.0,0.0,0.0,0.0
1686034,2021-06-03,ZA13E4ZJ,ST8000NM0055,1.0,2272.0,26.0,76464996712.0,0.0,40.0,40.0
1694780,2019-07-08,ZA13ECZ9,ST8000NM0055,1.0,288.0,1.0,51384049904.0,0.0,0.0,0.0
1704969,2018-12-22,ZA13ER14,ST8000NM0055,1.0,0.0,0.0,45411488464.0,0.0,0.0,0.0
1803864,2019-07-10,ZA13EWB5,ST8000NM0055,1.0,0.0,0.0,53841234792.0,0.0,0.0,0.0
1968222,2019-04-09,ZA13EWQP,ST8000NM0055,1.0,0.0,0.0,49946960464.0,0.0,0.0,0.0
1991925,2020-01-30,ZA13EWS1,ST8000NM0055,1.0,128.0,0.0,61138506064.0,0.0,8.0,8.0
2058947,2022-01-06,ZA13EWX7,ST8000NM0055,1.0,30800.0,163.0,83643093752.0,0.0,0.0,0.0
2108464,2022-01-06,ZA13EX15,ST8000NM0055,1.0,0.0,4.0,81770469896.0,0.0,0.0,0.0
2126423,2022-04-20,ZA13EX23,ST8000NM0055,1.0,16112.0,62.0,83804470184.0,0.0,0.0,0.0
2236455,2019-04-09,ZA13F75G,ST8000NM0055,1.0,80.0,4.0,49630933448.0,0.0,8.0,8.0
2308984,2019-02-19,ZA13F7AV,ST8000NM0055,1.0,0.0,0.0,48321336792.0,0.0,0.0,0.0
2401728,2021-10-05,ZA13G6HK,ST8000NM0055,1.0,5.0,0.0,78312155608.0,0.0,0.0,0.0
2450770,2022-03-04,ZA13G9LF,ST8000NM0055,1.0,8.0,0.0,83222967224.0,0.0,0.0,0.0
2464945,2020-12-02,ZA13G9MP,ST8000NM0055,1.0,8.0,0.0,70049937768.0,0.0,0.0,0.0
2476389,2022-06-04,ZA13G9N4,ST8000NM0055,1.0,0.0,0.0,86172991344.0,0.0,0.0,0.0
2723988,2018-05-22,ZA13GZA5,ST8000NM0055,1.0,7568.0,29.0,35439761912.0,0.0,40.0,40.0
2745715,2019-03-01,ZA13GZB3,ST8000NM0055,1.0,1768.0,0.0,48774981016.0,0.0,0.0,0.0
2746446,2020-01-03,ZA13GZB9,ST8000NM0055,1.0,14552.0,9.0,58499315168.0,0.0,0.0,0.0
2755511,2020-05-21,ZA13GZBJ,ST8000NM0055,1.0,5505.0,27.0,63397588656.0,0.0,0.0,0.0
2773945,2019-02-10,ZA13GZCA,ST8000NM0055,1.0,0.0,3.0,47383052064.0,0.0,96.0,96.0
2920138,2021-10-08,ZA13VK6A,ST8000NM0055,1.0,0.0,0.0,33018238544.0,0.0,40.0,40.0
2932211,2018-07-29,ZA13WHJY,ST8000NM0055,1.0,41560.0,72.0,43237227816.0,0.0,0.0,0.0
2962255,2022-05-25,ZA13Y0W9,ST8000NM0055,1.0,43568.0,718.0,84583001432.0,4295032833.0,0.0,0.0
2976671,2021-07-30,ZA13YY2C,ST8000NM0055,1.0,6552.0,2.0,87579352574.0,0.0,0.0,0.0
3014969,2020-09-11,ZA140VHG,ST8000NM0055,1.0,112.0,0.0,70255408728.0,0.0,0.0,0.0
3015430,2021-06-03,ZA140XN1,ST8000NM0055,1.0,992.0,1.0,27186758144.0,0.0,0.0,0.0
3035290,2021-09-14,ZA141X9W,ST8000NM0055,1.0,18640.0,16.0,79014191200.0,0.0,0.0,0.0
3041182,2020-09-24,ZA141Z0M,ST8000NM0055,1.0,0.0,0.0,70726121984.0,0.0,0.0,0.0
3043081,2018-09-24,ZA141Z21,ST8000NM0055,1.0,0.0,0.0,45651403264.0,0.0,0.0,0.0
3053418,2019-06-09,ZA142J6D,ST8000NM0055,1.0,0.0,8.0,53854855616.0,0.0,8.0,8.0
3077122,2020-10-06,ZA1442TC,ST8000NM0055,1.0,11752.0,39.0,55427463744.0,0.0,0.0,0.0
3164690,2022-05-21,ZA145YHB,ST8000NM0055,1.0,,,,,,
3222668,2021-04-30,ZA148GCH,ST8000NM0055,1.0,24648.0,483.0,74937268584.0,0.0,0.0,0.0
3260082,2021-10-01,ZA149FZ4,ST8000NM0055,1.0,0.0,0.0,81990705632.0,0.0,0.0,0.0
3276235,2021-11-06,ZA149KZ2,ST8000NM0055,1.0,3456.0,4.0,95202637774.0,0.0,0.0,0.0
3445436,2020-10-18,ZA14DQRA,ST8000NM0055,1.0,152.0,0.0,70719854808.0,0.0,0.0,0.0
3447898,2020-04-04,ZA14DR42,ST8000NM0055,1.0,392.0,0.0,65618786184.0,0.0,0.0,0.0
3534458,2021-09-12,ZA14E929,ST8000NM0055,1.0,8.0,0.0,79997790832.0,0.0,0.0,0.0
3535530,2020-12-09,ZA14E92G,ST8000NM0055,1.0,9496.0,38.0,71963701176.0,0.0,16.0,16.0
3598833,2022-02-17,ZA14E9TL,ST8000NM0055,1.0,20392.0,61.0,84837915376.0,4295032833.0,16.0,16.0
3643964,2020-06-29,ZA14EBBG,ST8000NM0055,1.0,1088.0,214.0,67624043240.0,0.0,0.0,0.0
3649921,2020-11-08,ZA14EBCY,ST8000NM0055,1.0,136.0,0.0,71249427240.0,0.0,0.0,0.0
3677729,2022-05-18,ZA14EBHZ,ST8000NM0055,1.0,8.0,3.0,86490490760.0,0.0,8.0,8.0
3692715,2018-08-28,ZA14EBL4,ST8000NM0055,1.0,160.0,3.0,44095905912.0,0.0,8.0,8.0
3725029,2021-03-27,ZA14EBV2,ST8000NM0055,1.0,656.0,0.0,74735775744.0,0.0,0.0,0.0
3772266,2021-12-10,ZA14ECN7,ST8000NM0055,1.0,80.0,0.0,83104505864.0,0.0,0.0,0.0
3789165,2019-05-29,ZA14ECR7,ST8000NM0055,1.0,0.0,0.0,54255077280.0,0.0,0.0,0.0
3810414,2022-05-18,ZA14ECSS,ST8000NM0055,1.0,47536.0,87.0,87730734600.0,0.0,0.0,0.0
3850765,2020-10-27,ZA14ED37,ST8000NM0055,1.0,0.0,0.0,71034570680.0,0.0,0.0,0.0
3861155,2019-07-18,ZA14ED84,ST8000NM0055,1.0,9928.0,27.0,56248105416.0,0.0,0.0,0.0
3875724,2021-12-30,ZA14EE4H,ST8000NM0055,1.0,1496.0,3.0,84195807600.0,0.0,0.0,0.0
3890143,2021-08-13,ZA14EER6,ST8000NM0055,1.0,0.0,0.0,78879624080.0,68.0,0.0,0.0
3916823,2019-04-19,ZA14EK1F,ST8000NM0055,1.0,27568.0,75.0,52555323568.0,0.0,16.0,16.0
3947110,2021-10-17,ZA14ELGR,ST8000NM0055,1.0,48.0,0.0,80787925000.0,0.0,0.0,0.0
3947194,2018-03-25,ZA14ELJ1,ST8000NM0055,1.0,16592.0,25.0,38177797440.0,0.0,16.0,16.0
3982505,2020-07-04,ZA14EMXV,ST8000NM0055,1.0,47904.0,94.0,67542054616.0,0.0,8.0,8.0
3986646,2021-06-04,ZA14EN8V,ST8000NM0055,1.0,8728.0,31.0,76526787288.0,0.0,0.0,0.0
4038487,2018-12-19,ZA14ES1K,ST8000NM0055,1.0,1096.0,1.0,49368539736.0,0.0,0.0,0.0
4043195,2021-12-03,ZA14ES26,ST8000NM0055,1.0,46976.0,188.0,82969566344.0,0.0,0.0,0.0
4058378,2020-02-05,ZA14ESEY,ST8000NM0055,1.0,0.0,0.0,63254491824.0,0.0,0.0,0.0
4061238,2021-05-14,ZA14ESH1,ST8000NM0055,1.0,0.0,5.0,74396783448.0,0.0,16.0,16.0
4065134,2019-10-02,ZA14ESPP,ST8000NM0055,1.0,5512.0,5.0,59304502840.0,0.0,0.0,0.0
4070989,2020-08-12,ZA14ESZ1,ST8000NM0055,1.0,352.0,4.0,70414618136.0,0.0,8.0,8.0
4120635,2019-06-15,ZA14EVX7,ST8000NM0055,1.0,832.0,6.0,55353481776.0,0.0,0.0,0.0
4154750,2021-09-01,ZA14EWL0,ST8000NM0055,1.0,344.0,1.0,79694464472.0,0.0,0.0,0.0
4184078,2022-01-05,ZA14EX5H,ST8000NM0055,1.0,40.0,19.0,73771961160.0,0.0,40.0,40.0
4204530,2022-03-15,ZA14EY4L,ST8000NM0055,1.0,14224.0,186.0,84930498960.0,0.0,0.0,0.0
4274290,2020-07-30,ZA14EYYA,ST8000NM0055,1.0,14704.0,39.0,68910312504.0,0.0,0.0,0.0
4347860,2022-01-24,ZA14F1K3,ST8000NM0055,1.0,120.0,85.0,86009611216.0,4295032833.0,8.0,8.0
4382992,2020-01-02,ZA14F2SZ,ST8000NM0055,1.0,0.0,0.0,60920216024.0,0.0,0.0,0.0
4457701,2022-03-05,ZA14HTEP,ST8000NM0055,1.0,5024.0,15.0,84932407888.0,0.0,0.0,0.0
4472120,2021-08-05,ZA14HYGV,ST8000NM0055,1.0,136.0,0.0,76668237352.0,0.0,0.0,0.0
4493088,2021-07-26,ZA14JB87,ST8000NM0055,1.0,1584.0,2.0,74877392392.0,0.0,0.0,0.0
4493559,2019-04-17,ZA14JB9Z,ST8000NM0055,1.0,128.0,1.0,49357607760.0,0.0,0.0,0.0
4502929,2021-03-26,ZA14JBN8,ST8000NM0055,1.0,48.0,0.0,88225241469.0,0.0,0.0,0.0
4522903,2018-11-08,ZA14JF8Z,ST8000NM0055,1.0,416.0,1.0,44187811184.0,0.0,0.0,0.0
4534252,2022-02-27,ZA14JFK0,ST8000NM0055,1.0,24232.0,125.0,96969802255.0,0.0,0.0,0.0
4544088,2020-04-06,ZA14JKX6,ST8000NM0055,1.0,0.0,0.0,1610872784.0,0.0,96.0,96.0
4544109,2022-04-27,ZA14K6HW,ST8000NM0055,1.0,0.0,0.0,17580274128.0,0.0,0.0,0.0
4548024,2018-04-23,ZA14LWDQ,ST8000NM0055,1.0,0.0,0.0,1954445496.0,0.0,0.0,0.0
4548025,2018-11-29,ZA14LWDQ,ST8000NM0055,1.0,0.0,0.0,19191557208.0,0.0,0.0,0.0
4579278,2021-09-29,ZA14SRXY,ST8000NM0055,1.0,8.0,0.0,47036735560.0,0.0,0.0,0.0
4718447,2021-04-04,ZA14XXZY,ST8000NM0055,1.0,32.0,0.0,71469499832.0,0.0,0.0,0.0
4719215,2020-02-09,ZA14XYT9,ST8000NM0055,1.0,24.0,0.0,59193975512.0,0.0,0.0,0.0
4756744,2022-02-23,ZA14ZBT9,ST8000NM0055,1.0,3280.0,548.0,81940577488.0,4295032833.0,0.0,0.0
4810418,2021-12-13,ZA152QY3,ST8000NM0055,1.0,72.0,0.0,83724868088.0,0.0,0.0,0.0
4823353,2022-01-03,ZA153BX5,ST8000NM0055,1.0,61288.0,245.0,71135849288.0,0.0,0.0,0.0
4873095,2021-09-24,ZA153S2T,ST8000NM0055,1.0,24.0,3.0,76315882728.0,0.0,0.0,0.0
4873707,2019-09-05,ZA153S34,ST8000NM0055,1.0,211.0,8.0,54804420880.0,0.0,16.0,16.0
4904648,2021-12-16,ZA153S5D,ST8000NM0055,1.0,,,,,,
4905325,2019-11-10,ZA153S5L,ST8000NM0055,1.0,32.0,0.0,56499513800.0,0.0,0.0,0.0
4907691,2020-01-01,ZA153S5V,ST8000NM0055,1.0,168.0,0.0,58398544032.0,0.0,0.0,0.0
4921042,2018-09-01,ZA153S6Z,ST8000NM0055,1.0,128.0,0.0,39259247448.0,0.0,0.0,0.0
4928881,2021-07-11,ZA153S7K,ST8000NM0055,1.0,40.0,3.0,73501573632.0,0.0,0.0,0.0
4934085,2018-10-15,ZA153S83,ST8000NM0055,1.0,280.0,3.0,41236378704.0,0.0,352.0,352.0
4936223,2019-05-15,ZA153S86,ST8000NM0055,1.0,0.0,0.0,49794956504.0,0.0,0.0,0.0
4956855,2020-08-23,ZA153S9Q,ST8000NM0055,1.0,16.0,0.0,67270347824.0,0.0,0.0,0.0
4957229,2019-01-10,ZA153S9S,ST8000NM0055,1.0,24.0,0.0,44701707712.0,0.0,0.0,0.0
4958412,2021-03-30,ZA153S9X,ST8000NM0055,1.0,0.0,0.0,72287459576.0,0.0,0.0,0.0
5038148,2019-09-15,ZA153SHZ,ST8000NM0055,1.0,8.0,0.0,55203605064.0,0.0,0.0,0.0
5056798,2019-09-16,ZA153SKC,ST8000NM0055,1.0,4088.0,25.0,54570470616.0,0.0,0.0,0.0
5065258,2018-09-22,ZA153SLG,ST8000NM0055,1.0,72.0,1.0,40510644592.0,0.0,0.0,0.0
5104506,2022-04-12,ZA153SQX,ST8000NM0055,1.0,16.0,0.0,81967530664.0,0.0,0.0,0.0
5108789,2020-10-03,ZA153SRN,ST8000NM0055,1.0,8.0,0.0,66541239120.0,0.0,0.0,0.0
5128977,2019-06-09,ZA153STG,ST8000NM0055,1.0,760.0,4.0,51674974432.0,0.0,16.0,16.0
5164720,2021-08-24,ZA153SX2,ST8000NM0055,1.0,112.0,0.0,75891142600.0,0.0,0.0,0.0
5182579,2022-01-12,ZA153SYY,ST8000NM0055,1.0,9992.0,571.0,80653769320.0,4295032833.0,0.0,0.0
5186192,2018-12-02,ZA153SZ8,ST8000NM0055,1.0,520.0,4.0,43485107288.0,0.0,0.0,0.0
5189893,2019-03-01,ZA153SZQ,ST8000NM0055,1.0,64.0,0.0,47099048056.0,0.0,0.0,0.0
5189895,2019-04-08,ZA153SZQ,ST8000NM0055,1.0,12960.0,135.0,47439033704.0,4295032833.0,392.0,392.0
5204365,2021-09-21,ZA153T0K,ST8000NM0055,1.0,104.0,3.0,76762200728.0,0.0,8.0,8.0
5210710,2021-11-30,ZA153T13,ST8000NM0055,1.0,72.0,0.0,79420907264.0,0.0,0.0,0.0
5256857,2018-09-18,ZA153T5L,ST8000NM0055,1.0,24.0,0.0,40191900152.0,0.0,0.0,0.0
5331470,2020-05-21,ZA153TFA,ST8000NM0055,1.0,16.0,0.0,63190820432.0,0.0,0.0,0.0
5351296,2018-06-11,ZA153THB,ST8000NM0055,1.0,16.0,0.0,36435087952.0,0.0,0.0,0.0
5358474,2019-09-16,ZA153THS,ST8000NM0055,1.0,128.0,0.0,53497672312.0,0.0,0.0,0.0
5361254,2021-02-17,ZA153THY,ST8000NM0055,1.0,15584.0,95.0,70903694424.0,0.0,24.0,24.0
5371194,2018-04-20,ZA153TJY,ST8000NM0055,1.0,64.0,0.0,34422213552.0,0.0,0.0,0.0
5377612,2022-02-11,ZA153TKG,ST8000NM0055,1.0,18336.0,88.0,81634480768.0,0.0,16.0,16.0
5380142,2020-06-11,ZA153TKJ,ST8000NM0055,1.0,40.0,0.0,63330415536.0,0.0,0.0,0.0
5381740,2022-05-19,ZA153TKL,ST8000NM0055,1.0,16.0,7.0,84573975376.0,0.0,8.0,8.0
5400093,2018-11-25,ZA153TMP,ST8000NM0055,1.0,0.0,0.0,43884184616.0,0.0,0.0,0.0
5479777,2021-10-09,ZA154C9Q,ST8000NM0055,1.0,32.0,0.0,77381220752.0,0.0,0.0,0.0
5482822,2021-11-08,ZA154CBS,ST8000NM0055,1.0,104.0,1.0,77681430496.0,0.0,0.0,0.0
5484436,2022-06-04,ZA154CBX,ST8000NM0055,1.0,26168.0,37.0,83682304784.0,0.0,72.0,72.0
5485401,2020-08-24,ZA154CDD,ST8000NM0055,1.0,104.0,0.0,66242106824.0,0.0,0.0,0.0
5485683,2018-10-09,ZA154CDQ,ST8000NM0055,1.0,0.0,0.0,41819080480.0,0.0,0.0,0.0
5493053,2020-03-26,ZA154CJC,ST8000NM0055,1.0,0.0,0.0,60528144344.0,0.0,0.0,0.0
5495678,2020-09-14,ZA154D1B,ST8000NM0055,1.0,168.0,0.0,66645172368.0,0.0,0.0,0.0
5507869,2019-12-15,ZA154E8D,ST8000NM0055,1.0,0.0,0.0,57698931616.0,0.0,0.0,0.0
5525818,2022-04-12,ZA154SJP,ST8000NM0055,1.0,2048.0,229.0,82883773528.0,0.0,24.0,24.0
5537994,2019-12-10,ZA154SRE,ST8000NM0055,1.0,2112.0,7.0,57092988360.0,0.0,0.0,0.0
5557441,2021-11-29,ZA154VDQ,ST8000NM0055,1.0,8.0,0.0,80108803672.0,0.0,0.0,0.0
5559422,2018-12-10,ZA154VFE,ST8000NM0055,1.0,4480.0,22.0,43988325152.0,0.0,0.0,0.0
5566685,2019-12-16,ZA154VHQ,ST8000NM0055,1.0,8.0,0.0,57260247224.0,0.0,0.0,0.0
5580023,2018-08-15,ZA154VLT,ST8000NM0055,1.0,512.0,5.0,38872146904.0,0.0,8.0,8.0
5600351,2019-11-02,ZA154W5T,ST8000NM0055,1.0,6584.0,21.0,57377488376.0,0.0,16.0,16.0
5612383,2019-11-18,ZA154WKK,ST8000NM0055,1.0,19088.0,27.0,56482794712.0,0.0,0.0,0.0
5613458,2020-12-13,ZA154WM1,ST8000NM0055,1.0,8.0,0.0,69385406440.0,0.0,0.0,0.0
5618070,2021-08-31,ZA154WVC,ST8000NM0055,1.0,48.0,1.0,75811189152.0,0.0,0.0,0.0
5662353,2018-02-08,ZA154Z0W,ST8000NM0055,1.0,56.0,0.0,31084798008.0,0.0,0.0,0.0
5663235,2020-06-02,ZA154Z11,ST8000NM0055,1.0,2737.0,7.0,62902868632.0,0.0,16.0,16.0
5666427,2022-04-04,ZA154Z1Y,ST8000NM0055,1.0,7960.0,41.0,82447019560.0,0.0,8.0,8.0
5696261,2018-12-12,ZA154ZFM,ST8000NM0055,1.0,15080.0,13.0,44469860336.0,0.0,0.0,0.0
5699493,2022-05-16,ZA154ZGX,ST8000NM0055,1.0,2889.0,170.0,83189164776.0,0.0,144.0,144.0
5779873,2018-03-30,ZA1552GL,ST8000NM0055,1.0,0.0,0.0,32976647888.0,0.0,0.0,0.0
5786389,2022-05-22,ZA1552L7,ST8000NM0055,1.0,14992.0,63.0,83069920184.0,0.0,8.0,8.0
5789710,2018-02-12,ZA1552NE,ST8000NM0055,1.0,4696.0,15.0,30878831080.0,0.0,0.0,0.0
5801735,2019-07-09,ZA15530Y,ST8000NM0055,1.0,1760.0,2.0,52099365208.0,0.0,0.0,0.0
5802424,2019-11-22,ZA15531N,ST8000NM0055,1.0,7576.0,5.0,56923961992.0,0.0,0.0,0.0
5834449,2022-05-29,ZA1553LN,ST8000NM0055,1.0,3088.0,460.0,83868286056.0,0.0,0.0,0.0
5853403,2020-07-15,ZA1553ZK,ST8000NM0055,1.0,24.0,3.0,64859390160.0,0.0,8.0,8.0
5855158,2018-04-26,ZA15540F,ST8000NM0055,1.0,5688.0,9.0,34409109200.0,0.0,0.0,0.0
5857011,2018-08-02,ZA155417,ST8000NM0055,1.0,88.0,3.0,38514181888.0,0.0,8.0,8.0
5860953,2019-10-29,ZA1554BL,ST8000NM0055,1.0,104.0,1.0,55630069264.0,0.0,0.0,0.0
5889048,2018-05-03,ZA15630T,ST8000NM0055,1.0,496.0,22.0,34741953496.0,0.0,112.0,112.0
5909401,2019-11-22,ZA157051,ST8000NM0055,1.0,208.0,0.0,56673801368.0,0.0,0.0,0.0
5948256,2021-03-12,ZA15707D,ST8000NM0055,1.0,48.0,0.0,72244215904.0,0.0,0.0,0.0
5963652,2019-10-14,ZA157XW5,ST8000NM0055,1.0,64.0,0.0,20369738088.0,0.0,152.0,152.0
5985145,2022-02-21,ZA15A9LY,ST8000NM0055,1.0,0.0,0.0,19928979720.0,0.0,0.0,0.0
5990744,2019-03-24,ZA15AX9X,ST8000NM0055,1.0,0.0,0.0,18900912776.0,0.0,0.0,0.0
6002330,2021-01-24,ZA15BKQF,ST8000NM0055,1.0,72.0,6.0,71499411304.0,0.0,16.0,16.0
6006151,2021-12-28,ZA15CLC2,ST8000NM0055,1.0,14048.0,1.0,71469216080.0,0.0,0.0,0.0
6015994,2020-02-28,ZA15CWDK,ST8000NM0055,1.0,512.0,14.0,2344091344.0,4295098370.0,16.0,16.0
6028961,2022-04-12,ZA15FEQM,ST8000NM0055,1.0,44384.0,63.0,85258328264.0,0.0,0.0,0.0
6051360,2019-07-01,ZA15GXGZ,ST8000NM0055,1.0,0.0,0.0,58990464040.0,0.0,0.0,0.0
6105304,2018-01-02,ZA15W1KW,ST8000NM0055,1.0,0.0,0.0,15686914856.0,0.0,1016.0,1016.0
6131455,2019-01-17,ZA15YBJM,ST8000NM0055,1.0,0.0,0.0,42807664088.0,0.0,0.0,0.0
6132330,2020-05-24,ZA15YBXS,ST8000NM0055,1.0,15824.0,214.0,59673794712.0,4295032833.0,8.0,8.0
6143095,2020-01-02,ZA160G4N,ST8000NM0055,1.0,0.0,0.0,16233591576.0,0.0,0.0,0.0
6164965,2020-10-19,ZA162LFJ,ST8000NM0055,1.0,72.0,0.0,65082501624.0,0.0,0.0,0.0
6183625,2020-02-13,ZA164ANB,ST8000NM0055,1.0,0.0,0.0,63588087976.0,0.0,0.0,0.0
6224481,2022-01-25,ZA165Q49,ST8000NM0055,1.0,24512.0,42.0,85680343424.0,0.0,0.0,0.0
6238472,2020-05-30,ZA165ZH6,ST8000NM0055,1.0,0.0,0.0,66860205864.0,0.0,0.0,0.0
6242582,2020-04-11,ZA1665BL,ST8000NM0055,1.0,0.0,0.0,57660491024.0,0.0,0.0,0.0
6310880,2020-01-12,ZA16ASZE,ST8000NM0055,1.0,4256.0,3.0,60597796328.0,0.0,0.0,0.0
6360188,2022-04-05,ZA16CLKS,ST8000NM0055,1.0,16.0,0.0,87416279784.0,0.0,0.0,0.0
6421400,2019-08-13,ZA16CLR7,ST8000NM0055,1.0,256.0,0.0,57343623032.0,107377984081.0,0.0,0.0
6429316,2021-09-25,ZA16CLRM,ST8000NM0055,1.0,10984.0,22.0,82831591296.0,0.0,0.0,0.0
6469045,2019-02-04,ZA16CLZT,ST8000NM0055,1.0,216.0,0.0,51625229640.0,0.0,0.0,0.0
6486514,2020-02-16,ZA16CM74,ST8000NM0055,1.0,296.0,1.0,64868701256.0,0.0,0.0,0.0
6516408,2019-01-21,ZA16CR18,ST8000NM0055,1.0,0.0,0.0,40579340696.0,0.0,0.0,0.0
6525118,2019-05-29,ZA16CXNA,ST8000NM0055,1.0,216.0,1.0,53498528600.0,0.0,0.0,0.0
6578305,2020-11-25,ZA16DDQ7,ST8000NM0055,1.0,3840.0,13.0,72137962296.0,0.0,8.0,8.0
6582086,2019-05-21,ZA16DDRB,ST8000NM0055,1.0,13016.0,0.0,54193903152.0,8590131203.0,8.0,8.0
6584422,2019-11-30,ZA16DDRG,ST8000NM0055,1.0,38496.0,0.0,60216975256.0,0.0,0.0,0.0
6590255,2020-07-07,ZA16DDTZ,ST8000NM0055,1.0,25760.0,157.0,69108893488.0,0.0,0.0,0.0
6591584,2021-08-23,ZA16DDVW,ST8000NM0055,1.0,4440.0,51.0,79888450472.0,0.0,0.0,0.0
6623683,2020-08-26,ZA16DE0D,ST8000NM0055,1.0,97.0,0.0,70979276432.0,0.0,0.0,0.0
6678776,2020-10-08,ZA16DK4Q,ST8000NM0055,1.0,363.0,1.0,73648659624.0,0.0,8.0,8.0
6683561,2022-02-19,ZA16DK6Z,ST8000NM0055,1.0,32.0,0.0,86525249912.0,0.0,0.0,0.0
6704305,2020-12-17,ZA16DQ0L,ST8000NM0055,1.0,11160.0,33.0,73131498632.0,0.0,0.0,0.0
6736218,2020-02-24,ZA16DQ3A,ST8000NM0055,1.0,96.0,0.0,64001712632.0,0.0,0.0,0.0
6744331,2022-04-15,ZA16DQ3J,ST8000NM0055,1.0,8.0,0.0,86916233760.0,0.0,0.0,0.0
6748848,2021-06-01,ZA16DQ44,ST8000NM0055,1.0,59072.0,136.0,77342167800.0,0.0,0.0,0.0
6764873,2021-07-09,ZA16DQ5P,ST8000NM0055,1.0,2776.0,5.0,79717542560.0,0.0,0.0,0.0
6792340,2021-06-02,ZA16DQ7T,ST8000NM0055,1.0,0.0,0.0,78107869312.0,0.0,0.0,0.0
6823293,2021-12-31,ZA16DQA0,ST8000NM0055,1.0,46880.0,55.0,84807263360.0,0.0,0.0,0.0
6825465,2019-06-20,ZA16DQA6,ST8000NM0055,1.0,1752.0,5.0,55318543848.0,4295032833.0,48.0,48.0
6833619,2022-06-02,ZA16DQBC,ST8000NM0055,1.0,0.0,0.0,87544034520.0,0.0,0.0,0.0
6848059,2021-08-26,ZA16DQC7,ST8000NM0055,1.0,8016.0,98.0,80076149256.0,0.0,128.0,128.0
6852004,2019-11-07,ZA16DQCD,ST8000NM0055,1.0,9696.0,5.0,61197415384.0,0.0,0.0,0.0
6870547,2019-06-08,ZA16DQE7,ST8000NM0055,1.0,4000.0,7.0,55403694120.0,0.0,8.0,8.0
6961522,2020-05-19,ZA16DQL2,ST8000NM0055,1.0,9.0,0.0,66906672096.0,0.0,0.0,0.0
6975732,2021-01-07,ZA16DQLM,ST8000NM0055,1.0,1144.0,9.0,73735955280.0,0.0,8.0,8.0
6987877,2019-11-13,ZA16DQM6,ST8000NM0055,1.0,572.0,6.0,61754305008.0,12885098499.0,24.0,24.0
6996766,2019-12-04,ZA16DQNH,ST8000NM0055,1.0,40.0,0.0,59801591792.0,0.0,0.0,0.0
7000189,2018-05-25,ZA16DQNW,ST8000NM0055,1.0,1432.0,1.0,41030011144.0,0.0,0.0,0.0
7009532,2021-02-24,ZA16DQRY,ST8000NM0055,1.0,15392.0,86.0,74654800968.0,0.0,104.0,104.0
7028770,2021-04-25,ZA16DQW7,ST8000NM0055,1.0,72.0,3.0,76475947160.0,0.0,0.0,0.0
7033542,2022-02-06,ZA16DQX5,ST8000NM0055,1.0,6248.0,35.0,85072271680.0,4295032833.0,0.0,0.0
7146393,2021-11-06,ZA16DRFZ,ST8000NM0055,1.0,0.0,0.0,82754670808.0,0.0,0.0,0.0
7147385,2020-09-20,ZA16DRG1,ST8000NM0055,1.0,0.0,0.0,71104819544.0,0.0,0.0,0.0
7178222,2021-09-11,ZA16DRJL,ST8000NM0055,1.0,2040.0,53.0,80977617976.0,0.0,192.0,192.0
7359773,2021-08-04,ZA16DSH2,ST8000NM0055,1.0,40744.0,35.0,79466828800.0,0.0,8.0,8.0
7369559,2022-05-13,ZA16DSJ3,ST8000NM0055,1.0,17512.0,106.0,88026663672.0,0.0,0.0,0.0
7555110,2019-03-18,ZA16DSXP,ST8000NM0055,1.0,31368.0,6.0,53132045880.0,0.0,0.0,0.0
7558805,2019-02-22,ZA16DSXV,ST8000NM0055,1.0,0.0,0.0,52218045040.0,0.0,0.0,0.0
7733674,2021-06-15,ZA16DTKM,ST8000NM0055,1.0,1809.0,16.0,76184412192.0,0.0,8.0,8.0
7782722,2022-03-02,ZA16DV15,ST8000NM0055,1.0,38944.0,513.0,84557177320.0,4297850925.0,0.0,0.0
7803360,2020-08-29,ZA16DV3Z,ST8000NM0055,1.0,0.0,0.0,70349661752.0,0.0,0.0,0.0
7810968,2020-11-19,ZA16DV4P,ST8000NM0055,1.0,0.0,3.0,71059241072.0,0.0,8.0,8.0
7840425,2022-05-15,ZA16DV7N,ST8000NM0055,1.0,23784.0,77.0,87042200432.0,4295032833.0,0.0,0.0
7847445,2019-04-10,ZA16DV86,ST8000NM0055,1.0,0.0,0.0,53979745176.0,0.0,0.0,0.0
7880049,2022-01-05,ZA16DVBP,ST8000NM0055,1.0,35128.0,73.0,83992489256.0,0.0,0.0,0.0
7894201,2020-11-08,ZA16DVE6,ST8000NM0055,1.0,0.0,0.0,71030445240.0,0.0,0.0,0.0
8065157,2019-06-09,ZA16DWMX,ST8000NM0055,1.0,0.0,0.0,54628484968.0,0.0,0.0,0.0
8120731,2022-02-10,ZA16DWT6,ST8000NM0055,1.0,0.0,0.0,85660992864.0,0.0,0.0,0.0
8165302,2018-11-20,ZA16DX0J,ST8000NM0055,1.0,28128.0,11.0,48559748152.0,0.0,0.0,0.0
8197899,2021-12-31,ZA16DXEY,ST8000NM0055,1.0,0.0,0.0,85457106096.0,0.0,0.0,0.0
8243031,2020-06-16,ZA16DXQH,ST8000NM0055,1.0,6848.0,95.0,67796357392.0,0.0,120.0,120.0
8250408,2020-04-04,ZA16DXX5,ST8000NM0055,1.0,24064.0,46.0,65647309488.0,0.0,0.0,0.0
8258459,2022-02-09,ZA16DXY2,ST8000NM0055,1.0,41960.0,52.0,82614006152.0,0.0,24.0,24.0
8285133,2019-04-04,ZA16DY1V,ST8000NM0055,1.0,6240.0,8.0,53407968656.0,0.0,0.0,0.0
8286467,2021-08-28,ZA16DY1Y,ST8000NM0055,1.0,3880.0,19.0,80265398904.0,0.0,0.0,0.0
8312565,2022-03-18,ZA16DY7D,ST8000NM0055,1.0,0.0,47.0,86522610864.0,0.0,0.0,0.0
8356153,2021-08-10,ZA16EEC3,ST8000NM0055,1.0,0.0,0.0,80826888200.0,0.0,0.0,0.0
8374018,2022-01-19,ZA16EEET,ST8000NM0055,1.0,0.0,0.0,85827287264.0,0.0,0.0,0.0
8399974,2021-10-05,ZA16EEHF,ST8000NM0055,1.0,0.0,0.0,81313186008.0,0.0,16.0,16.0
8416588,2018-08-13,ZA16EEKX,ST8000NM0055,1.0,0.0,0.0,43279774008.0,0.0,0.0,0.0
8424621,2022-01-19,ZA16EELV,ST8000NM0055,1.0,0.0,0.0,83794545224.0,0.0,0.0,0.0
8452156,2021-08-07,ZA16EEP3,ST8000NM0055,1.0,45784.0,111.0,78543405152.0,0.0,136.0,136.0
8503909,2020-08-05,ZA16EES9,ST8000NM0055,1.0,544.0,1.0,69344504160.0,0.0,0.0,0.0
8602910,2018-02-04,ZA16H0TW,ST8000NM0055,1.0,0.0,0.0,26998140496.0,0.0,0.0,0.0
8772023,2022-03-27,ZA16PDZX,ST8000NM0055,1.0,0.0,0.0,84654830568.0,0.0,0.0,0.0
8883588,2018-12-04,ZA16RV57,ST8000NM0055,1.0,1408.0,7.0,46166572800.0,0.0,0.0,0.0
8899956,2022-06-07,ZA16S383,ST8000NM0055,1.0,0.0,0.0,86834491368.0,0.0,0.0,0.0
8929800,2018-12-10,ZA16SNFJ,ST8000NM0055,1.0,1864.0,7.0,46693392912.0,0.0,16.0,16.0
8936304,2022-05-05,ZA16SQ3L,ST8000NM0055,1.0,6296.0,73.0,86312551296.0,0.0,0.0,0.0
8943401,2019-06-27,ZA16SQ5J,ST8000NM0055,1.0,0.0,0.0,53793132408.0,0.0,0.0,0.0
9039681,2020-05-09,ZA16TY6Q,ST8000NM0055,1.0,0.0,0.0,61622890520.0,0.0,0.0,0.0
9043875,2020-01-21,ZA16V32F,ST8000NM0055,1.0,0.0,0.0,56589870400.0,0.0,0.0,0.0
9049966,2021-03-22,ZA16V3D3,ST8000NM0055,1.0,11608.0,32.0,74033167240.0,0.0,0.0,0.0
9051545,2022-05-02,ZA16V3DC,ST8000NM0055,1.0,12424.0,19.0,86528486104.0,0.0,0.0,0.0
9051842,2018-10-25,ZA16V3VN,ST8000NM0055,1.0,9024.0,3.0,44840359784.0,0.0,0.0,0.0
9078576,2018-09-10,ZA16VVNB,ST8000NM0055,1.0,0.0,0.0,42593134360.0,0.0,0.0,0.0
9103234,2020-06-01,ZA16W2EW,ST8000NM0055,1.0,0.0,0.0,66138513280.0,0.0,0.0,0.0
9302130,2021-11-25,ZA16XDWY,ST8000NM0055,1.0,4336.0,20.0,72339500976.0,0.0,24.0,24.0
9395706,2020-07-13,ZA16Y91F,ST8000NM0055,1.0,3616.0,18.0,61068130792.0,0.0,8.0,8.0
9445527,2019-08-15,ZA16YQXF,ST8000NM0055,1.0,8.0,0.0,51407017968.0,0.0,0.0,0.0
9453444,2021-09-16,ZA16Z0EC,ST8000NM0055,1.0,24.0,0.0,71265332816.0,0.0,0.0,0.0
9499400,2018-07-31,ZA16Z98M,ST8000NM0055,1.0,0.0,0.0,673567920.0,0.0,0.0,0.0
9558152,2022-02-05,ZA16ZWYF,ST8000NM0055,1.0,56.0,12.0,75558670984.0,0.0,0.0,0.0
9563740,2019-10-28,ZA16ZZ7V,ST8000NM0055,1.0,0.0,0.0,58840478456.0,0.0,0.0,0.0
9599921,2022-06-09,ZA170JWG,ST8000NM0055,1.0,0.0,16.0,78951229456.0,0.0,24.0,24.0
9658285,2022-03-10,ZA170TK6,ST8000NM0055,1.0,0.0,0.0,76056649736.0,0.0,0.0,0.0
9680053,2019-02-26,ZA170TQ1,ST8000NM0055,1.0,0.0,0.0,41232692256.0,0.0,0.0,0.0
9685850,2022-01-29,ZA170TR3,ST8000NM0055,1.0,14128.0,35.0,75579850432.0,0.0,64.0,64.0
9711983,2018-11-26,ZA170TZN,ST8000NM0055,1.0,16.0,12.0,37230203752.0,0.0,32.0,32.0
9746361,2020-04-06,ZA170ZXL,ST8000NM0055,1.0,0.0,0.0,59247487192.0,0.0,0.0,0.0
9832066,2020-03-18,ZA1718J9,ST8000NM0055,1.0,0.0,0.0,33288780666.0,0.0,0.0,0.0
10061418,2021-08-11,ZA171LL9,ST8000NM0055,1.0,37896.0,110.0,70153175384.0,0.0,0.0,0.0
10113211,2019-07-17,ZA171R4R,ST8000NM0055,1.0,0.0,0.0,48400561768.0,0.0,0.0,0.0
10117503,2020-10-04,ZA171R5Y,ST8000NM0055,1.0,168.0,0.0,62022284784.0,0.0,0.0,0.0
10185531,2021-12-20,ZA171RJB,ST8000NM0055,1.0,51400.0,192.0,81536362728.0,0.0,0.0,0.0
10200534,2018-09-16,ZA171RLD,ST8000NM0055,1.0,0.0,0.0,42915793352.0,0.0,0.0,0.0
10250070,2019-01-20,ZA171RQB,ST8000NM0055,1.0,0.0,0.0,48167233440.0,0.0,0.0,0.0
10255150,2018-06-12,ZA171RQS,ST8000NM0055,1.0,0.0,0.0,38905648688.0,0.0,0.0,0.0
10306242,2018-10-23,ZA171RYT,ST8000NM0055,1.0,80.0,0.0,44588660784.0,0.0,0.0,0.0
10332885,2019-03-06,ZA171S1E,ST8000NM0055,1.0,3344.0,4.0,49699409296.0,0.0,0.0,0.0
10364005,2022-06-22,ZA171S5W,ST8000NM0055,1.0,840.0,20.0,87389878608.0,0.0,216.0,216.0
10370424,2022-02-16,ZA171S6D,ST8000NM0055,1.0,0.0,0.0,83082787480.0,0.0,0.0,0.0
10452804,2019-04-03,ZA171SGA,ST8000NM0055,1.0,0.0,0.0,51172425112.0,0.0,0.0,0.0
10453057,2018-09-10,ZA171SGC,ST8000NM0055,1.0,0.0,0.0,42694811592.0,0.0,0.0,0.0
10465151,2019-09-18,ZA171SJF,ST8000NM0055,1.0,5480.0,17.0,58055087720.0,0.0,0.0,0.0
10469895,2022-01-07,ZA171SJZ,ST8000NM0055,1.0,184.0,0.0,83619979160.0,0.0,0.0,0.0
10487814,2022-03-18,ZA171SM1,ST8000NM0055,1.0,0.0,0.0,85120534336.0,0.0,0.0,0.0
10536470,2021-02-23,ZA171SR9,ST8000NM0055,1.0,8.0,0.0,72765348752.0,0.0,0.0,0.0
10611782,2022-05-19,ZA171T2R,ST8000NM0055,1.0,2.0,159.0,86490274512.0,4295032833.0,8.0,8.0
10697000,2018-01-10,ZA171T9X,ST8000NM0055,1.0,0.0,0.0,33564416688.0,0.0,0.0,0.0
10729977,2018-08-01,ZA171TCQ,ST8000NM0055,1.0,0.0,0.0,40895954144.0,0.0,0.0,0.0
10772052,2021-01-16,ZA171TGD,ST8000NM0055,1.0,4192.0,12.0,72358438464.0,0.0,0.0,0.0
10847070,2021-07-18,ZA171TLQ,ST8000NM0055,1.0,136.0,3.0,76455662224.0,0.0,0.0,0.0
10892466,2021-03-05,ZA171TPA,ST8000NM0055,1.0,1048.0,3.0,74204944680.0,0.0,8.0,8.0
10923866,2018-09-25,ZA171TRJ,ST8000NM0055,1.0,2864.0,14.0,43380052040.0,0.0,8.0,8.0
10965105,2018-10-02,ZA171TV4,ST8000NM0055,1.0,8.0,3.0,44002574352.0,0.0,8.0,8.0
11059142,2019-10-02,ZA171V2E,ST8000NM0055,1.0,288.0,0.0,58562866816.0,0.0,0.0,0.0
11061755,2020-09-02,ZA171V2Y,ST8000NM0055,1.0,184.0,0.0,68091946856.0,0.0,0.0,0.0
11076485,2022-06-17,ZA171V3Z,ST8000NM0055,1.0,4928.0,19.0,87622950984.0,0.0,8.0,8.0
11113962,2021-11-30,ZA171V7X,ST8000NM0055,1.0,48.0,0.0,81941628112.0,0.0,0.0,0.0
11150404,2019-02-11,ZA171V9Z,ST8000NM0055,1.0,24.0,0.0,48652483584.0,0.0,0.0,0.0
11201726,2019-06-04,ZA171VE9,ST8000NM0055,1.0,32.0,3.0,52852868600.0,0.0,8.0,8.0
11206534,2022-03-12,ZA171VEE,ST8000NM0055,1.0,88.0,1.0,84563680040.0,0.0,0.0,0.0
11210037,2018-08-13,ZA171VEP,ST8000NM0055,1.0,464.0,3.0,41486754536.0,0.0,8.0,8.0
11211041,2020-10-02,ZA171VEV,ST8000NM0055,1.0,25744.0,209.0,69348014648.0,0.0,0.0,0.0
11225148,2020-09-28,ZA171VFX,ST8000NM0055,1.0,48.0,5.0,70055760240.0,0.0,8.0,8.0
11255759,2021-01-29,ZA171VKB,ST8000NM0055,1.0,5833.0,1.0,72306927424.0,0.0,0.0,0.0
11265481,2022-03-09,ZA171VLB,ST8000NM0055,1.0,40680.0,42.0,84587150736.0,0.0,0.0,0.0
11309810,2018-04-04,ZA171VQK,ST8000NM0055,1.0,0.0,0.0,36148010296.0,0.0,0.0,0.0
11318257,2018-09-16,ZA171VRA,ST8000NM0055,1.0,0.0,0.0,42684036384.0,0.0,0.0,0.0
11389662,2020-11-16,ZA1729A0,ST8000NM0055,1.0,19136.0,30.0,64075596272.0,0.0,0.0,0.0
11446195,2019-04-08,ZA172BWD,ST8000NM0055,1.0,24.0,0.0,43258997024.0,0.0,0.0,0.0
11477166,2021-11-18,ZA172C4Y,ST8000NM0055,1.0,0.0,0.0,72301226824.0,0.0,0.0,0.0
11483701,2022-05-29,ZA172C8R,ST8000NM0055,1.0,12448.0,152.0,79020954176.0,0.0,0.0,0.0
11574747,2022-06-06,ZA172JSZ,ST8000NM0055,1.0,55136.0,147.0,78663228512.0,0.0,0.0,0.0
11690091,2019-01-15,ZA17347A,ST8000NM0055,1.0,0.0,0.0,40367912192.0,0.0,0.0,0.0
11714504,2021-12-22,ZA173DXP,ST8000NM0055,1.0,296.0,4.0,73184772736.0,0.0,0.0,0.0
11719825,2019-01-22,ZA173E77,ST8000NM0055,1.0,8.0,1.0,41163854432.0,0.0,0.0,0.0
11721435,2019-05-21,ZA173EB5,ST8000NM0055,1.0,8.0,0.0,25471480752.0,0.0,0.0,0.0
11773699,2019-08-23,ZA173SYB,ST8000NM0055,1.0,8.0,0.0,51535386104.0,0.0,0.0,0.0
11887947,2022-05-14,ZA174D4N,ST8000NM0055,1.0,88.0,0.0,78443534600.0,0.0,0.0,0.0
11929871,2021-12-22,ZA174EZH,ST8000NM0055,1.0,,,,,,
11941550,2022-06-07,ZA174G4S,ST8000NM0055,1.0,0.0,0.0,78162785608.0,0.0,0.0,0.0
11946085,2022-03-04,ZA174G9S,ST8000NM0055,1.0,13168.0,35.0,75723338400.0,0.0,0.0,0.0
12023906,2020-07-16,ZA174K3S,ST8000NM0055,1.0,0.0,0.0,59748150872.0,0.0,0.0,0.0
12028898,2019-10-23,ZA174K5F,ST8000NM0055,1.0,0.0,0.0,62714857212.0,0.0,0.0,0.0
12069429,2019-10-25,ZA174KE4,ST8000NM0055,1.0,0.0,0.0,77690256632.0,0.0,0.0,0.0
12123162,2019-01-11,ZA174KNX,ST8000NM0055,1.0,8.0,0.0,30130094496.0,0.0,80.0,80.0
12146250,2018-03-27,ZA174KSV,ST8000NM0055,1.0,16.0,0.0,24753574304.0,0.0,0.0,0.0
12198504,2018-11-27,ZA174MKQ,ST8000NM0055,1.0,0.0,0.0,36576898560.0,0.0,0.0,0.0
12221362,2022-02-22,ZA174PEB,ST8000NM0055,1.0,80.0,0.0,75943255112.0,0.0,0.0,0.0
12248938,2021-07-30,ZA174PN4,ST8000NM0055,1.0,36664.0,68.0,71910863000.0,0.0,0.0,0.0
12318725,2021-04-10,ZA174QRH,ST8000NM0055,1.0,0.0,0.0,67848868528.0,0.0,0.0,0.0
12477742,2020-07-18,ZA1752L5,ST8000NM0055,1.0,448.0,63.0,60547530400.0,0.0,16.0,16.0
12496214,2022-03-15,ZA176HXY,ST8000NM0055,1.0,8.0,0.0,28208581216.0,0.0,0.0,0.0
12505162,2020-01-26,ZA177BYA,ST8000NM0055,1.0,2184.0,4.0,57811664528.0,0.0,0.0,0.0
12559343,2019-03-29,ZA17G86N,ST8000NM0055,1.0,418.0,3.0,43937877056.0,0.0,64.0,64.0
12658673,2019-07-22,ZA17L2JA,ST8000NM0055,1.0,11408.0,9.0,51032083200.0,0.0,16.0,16.0
12662813,2022-05-22,ZA17LJVV,ST8000NM0055,1.0,0.0,102.0,34807683320.0,4295032833.0,616.0,616.0
12681922,2018-07-19,ZA17R4VS,ST8000NM0055,1.0,8.0,3.0,17108423048.0,0.0,16.0,16.0
12685113,2018-10-07,ZA17RMPJ,ST8000NM0055,1.0,344.0,0.0,38990032792.0,0.0,0.0,0.0
12710898,2021-04-10,ZA17T8H3,ST8000NM0055,1.0,46824.0,118.0,69871826184.0,0.0,24.0,24.0
12721807,2020-12-14,ZA17TRD4,ST8000NM0055,1.0,10544.0,18.0,68266910776.0,0.0,8.0,8.0
12733061,2021-11-20,ZA17V0JP,ST8000NM0055,1.0,0.0,0.0,71373451032.0,0.0,0.0,0.0
12742622,2021-09-20,ZA17V1FQ,ST8000NM0055,1.0,26368.0,35.0,76156889720.0,0.0,8.0,8.0
12757941,2019-07-10,ZA17VHYX,ST8000NM0055,1.0,0.0,0.0,49898016264.0,0.0,0.0,0.0
12764708,2018-07-27,ZA17VM8G,ST8000NM0055,1.0,41384.0,87.0,31719754056.0,0.0,0.0,0.0
12772558,2021-07-14,ZA17VTA3,ST8000NM0055,1.0,5784.0,4.0,70802771936.0,0.0,0.0,0.0
12802813,2019-12-30,ZA17WKQ0,ST8000NM0055,1.0,44224.0,76.0,54100068952.0,0.0,0.0,0.0
12810520,2021-02-26,ZA17WV9J,ST8000NM0055,1.0,0.0,0.0,65618075624.0,0.0,0.0,0.0
12838901,2019-05-15,ZA17X8B7,ST8000NM0055,1.0,0.0,0.0,47086604184.0,0.0,0.0,0.0
12868072,2021-07-16,ZA17XYLJ,ST8000NM0055,1.0,200.0,0.0,73616729616.0,0.0,0.0,0.0
12877437,2021-03-10,ZA17Y1Y4,ST8000NM0055,1.0,0.0,0.0,66613361176.0,0.0,0.0,0.0
12932898,2019-05-03,ZA17ZDJX,ST8000NM0055,1.0,0.0,3.0,44386691016.0,0.0,8.0,8.0
12934976,2019-03-13,ZA17ZEY3,ST8000NM0055,1.0,0.0,0.0,44054785776.0,0.0,0.0,0.0
12940377,2019-04-22,ZA17ZEZE,ST8000NM0055,1.0,0.0,0.0,44594738488.0,0.0,0.0,0.0
12951542,2021-08-08,ZA17ZF2S,ST8000NM0055,1.0,45048.0,155.0,71007620088.0,0.0,0.0,0.0
12963508,2019-04-18,ZA17ZF5W,ST8000NM0055,1.0,0.0,6.0,45179302080.0,0.0,16.0,16.0
12964833,2021-08-20,ZA17ZF6Q,ST8000NM0055,1.0,56384.0,48.0,70817772856.0,0.0,0.0,0.0
12969159,2020-11-09,ZA17ZF85,ST8000NM0055,1.0,2080.0,82.0,62750927144.0,0.0,200.0,200.0
12969618,2019-04-04,ZA17ZF93,ST8000NM0055,1.0,8.0,0.0,44307823552.0,0.0,0.0,0.0
12978327,2019-05-14,ZA17ZLZE,ST8000NM0055,1.0,55864.0,18.0,46305609160.0,0.0,8.0,8.0
12987826,2021-07-12,ZA17ZN6B,ST8000NM0055,1.0,5040.0,9.0,71082785936.0,0.0,24.0,24.0
13018171,2020-02-28,ZA17ZNAJ,ST8000NM0055,1.0,17240.0,15.0,57793098288.0,0.0,0.0,0.0
13042786,2022-06-29,ZA17ZNCG,ST8000NM0055,1.0,0.0,0.0,78419057816.0,0.0,0.0,0.0
13069293,2018-08-24,ZA17ZNFT,ST8000NM0055,1.0,25760.0,186.0,32324106496.0,0.0,8.0,8.0
13076190,2018-11-26,ZA17ZNGB,ST8000NM0055,1.0,55176.0,98.0,37008527136.0,0.0,0.0,0.0
13076790,2019-08-23,ZA17ZNGC,ST8000NM0055,1.0,48.0,0.0,50636653024.0,0.0,0.0,0.0
13081688,2022-06-05,ZA17ZNGF,ST8000NM0055,1.0,42992.0,63.0,77091266448.0,4295032833.0,0.0,0.0
13134658,2019-03-13,ZA17ZNJY,ST8000NM0055,1.0,368.0,0.0,42923553048.0,0.0,16.0,16.0
13147641,2022-02-03,ZA17ZNLA,ST8000NM0055,1.0,0.0,0.0,70980317168.0,0.0,0.0,0.0
13163662,2021-06-02,ZA17ZNMM,ST8000NM0055,1.0,64.0,6.0,68039323720.0,0.0,8.0,8.0
13166248,2020-08-04,ZA17ZNMY,ST8000NM0055,1.0,24256.0,15.0,60550512320.0,0.0,16.0,16.0
13177176,2020-12-17,ZA17ZNPT,ST8000NM0055,1.0,6248.0,8.0,65072411680.0,0.0,0.0,0.0
13179507,2019-11-20,ZA17ZNQ9,ST8000NM0055,1.0,0.0,0.0,54791475304.0,0.0,0.0,0.0
13182672,2022-03-03,ZA17ZNQF,ST8000NM0055,1.0,5328.0,1.0,74890876824.0,0.0,0.0,0.0
13186776,2020-03-30,ZA17ZNR0,ST8000NM0055,1.0,16.0,0.0,57666146792.0,0.0,0.0,0.0
13191449,2021-10-20,ZA17ZNRV,ST8000NM0055,1.0,23192.0,23.0,71642035632.0,0.0,16.0,16.0
13194662,2022-04-20,ZA17ZNWE,ST8000NM0055,1.0,72.0,6.0,76173001008.0,0.0,8.0,8.0
13195556,2020-06-12,ZA17ZNWG,ST8000NM0055,1.0,6608.0,5.0,60600238808.0,0.0,0.0,0.0
13210911,2019-08-03,ZA17ZNZJ,ST8000NM0055,1.0,5784.0,0.0,49679632720.0,0.0,8.0,8.0
13223692,2021-07-18,ZA17ZP3P,ST8000NM0055,1.0,23288.0,33.0,70950825568.0,0.0,0.0,0.0
13235056,2022-02-24,ZA17ZPA2,ST8000NM0055,1.0,53760.0,184.0,73419570968.0,8590065666.0,24.0,24.0
13241362,2021-10-11,ZA17ZPAN,ST8000NM0055,1.0,744.0,1.0,69215036080.0,0.0,0.0,0.0
13254501,2018-01-11,ZA17ZPD1,ST8000NM0055,1.0,40.0,0.0,20831360208.0,0.0,0.0,0.0
13264869,2019-06-03,ZA17ZPGD,ST8000NM0055,1.0,1.0,3.0,47232896992.0,0.0,8.0,8.0
13274679,2022-05-20,ZA17ZPL1,ST8000NM0055,1.0,96.0,4.0,77293135160.0,0.0,0.0,0.0
13280368,2020-02-06,ZA17ZPMX,ST8000NM0055,1.0,8.0,0.0,55179156656.0,0.0,0.0,0.0
13281899,2022-03-14,ZA17ZPNH,ST8000NM0055,1.0,12224.0,23.0,73151975704.0,0.0,8.0,8.0
13284811,2021-06-23,ZA17ZPP5,ST8000NM0055,1.0,39000.0,53.0,70722011536.0,0.0,0.0,0.0
13296845,2019-07-03,ZA17ZPT9,ST8000NM0055,1.0,0.0,0.0,48455824408.0,0.0,0.0,0.0
13300047,2022-04-10,ZA17ZPVA,ST8000NM0055,1.0,6912.0,11.0,76565537784.0,4295032833.0,0.0,0.0
13309733,2019-07-17,ZA17ZPZW,ST8000NM0055,1.0,0.0,0.0,49031632216.0,0.0,0.0,0.0
13309944,2018-07-30,ZA17ZQ0A,ST8000NM0055,1.0,0.0,0.0,30869422784.0,0.0,0.0,0.0
13319611,2022-01-06,ZA17ZTTX,ST8000NM0055,1.0,30040.0,11.0,71102976832.0,0.0,0.0,0.0
13448897,2021-05-17,ZA17ZVP4,ST8000NM0055,1.0,7088.0,38.0,69637530768.0,0.0,0.0,0.0
13475607,2019-04-15,ZA1805MK,ST8000NM0055,1.0,0.0,6.0,44920233672.0,0.0,16.0,16.0
13496603,2021-08-09,ZA1805P7,ST8000NM0055,1.0,64.0,0.0,74332593912.0,0.0,0.0,0.0
13505325,2019-06-12,ZA1805QT,ST8000NM0055,1.0,0.0,0.0,46970073288.0,0.0,0.0,0.0
13512323,2019-03-16,ZA1805V0,ST8000NM0055,1.0,0.0,7.0,43677251472.0,0.0,0.0,0.0
13528233,2021-02-20,ZA1805WS,ST8000NM0055,1.0,32008.0,38.0,64854849168.0,0.0,0.0,0.0
13548925,2021-07-09,ZA1805ZB,ST8000NM0055,1.0,24.0,0.0,71195091560.0,0.0,0.0,0.0
13566731,2021-10-27,ZA1806EC,ST8000NM0055,1.0,6472.0,16.0,74997096968.0,0.0,0.0,0.0
13568076,2021-09-08,ZA1806EH,ST8000NM0055,1.0,136.0,0.0,73308388640.0,0.0,0.0,0.0
13588695,2020-07-18,ZA180971,ST8000NM0055,1.0,23376.0,46.0,60682138792.0,8590065666.0,16.0,16.0
13598855,2018-11-16,ZA180AB9,ST8000NM0055,1.0,30520.0,106.0,37071609656.0,0.0,0.0,0.0
13605390,2022-06-05,ZA180BEM,ST8000NM0055,1.0,58576.0,173.0,77400843056.0,4295032833.0,0.0,0.0
13606147,2020-01-27,ZA180BPF,ST8000NM0055,1.0,8680.0,36.0,55698943488.0,0.0,16.0,16.0
13610098,2019-11-04,ZA180DAX,ST8000NM0055,1.0,1.0,0.0,52139603656.0,0.0,0.0,0.0
13611378,2021-07-03,ZA180DYT,ST8000NM0055,1.0,21816.0,16.0,71161426688.0,0.0,0.0,0.0
13613581,2019-07-15,ZA180E3W,ST8000NM0055,1.0,0.0,0.0,48639347328.0,0.0,8.0,8.0
13638585,2019-02-08,ZA180N6K,ST8000NM0055,1.0,272.0,0.0,44131240008.0,0.0,0.0,0.0
13642483,2019-09-13,ZA180PA2,ST8000NM0055,1.0,40.0,6.0,51126153808.0,0.0,24.0,24.0
13687343,2019-07-29,ZA180Q95,ST8000NM0055,1.0,0.0,3.0,50762316032.0,0.0,8.0,8.0
13698668,2022-01-20,ZA180Q9J,ST8000NM0055,1.0,11984.0,22.0,78186807216.0,0.0,0.0,0.0
13701681,2021-10-04,ZA180Q9P,ST8000NM0055,1.0,144.0,37.0,74871862560.0,0.0,0.0,0.0
13702607,2020-07-16,ZA180Q9Q,ST8000NM0055,1.0,2296.0,3.0,63356250192.0,0.0,0.0,0.0
13704102,2022-02-03,ZA180Q9S,ST8000NM0055,1.0,280.0,19.0,71925001792.0,0.0,16.0,16.0
13720121,2021-06-19,ZA180QA8,ST8000NM0055,1.0,472.0,0.0,71889964600.0,0.0,0.0,0.0
13722750,2020-09-16,ZA180QAB,ST8000NM0055,1.0,25952.0,43.0,61047642672.0,0.0,8.0,8.0
13724120,2021-10-01,ZA180QAE,ST8000NM0055,1.0,272.0,0.0,71150946896.0,0.0,0.0,0.0
13733377,2020-11-24,ZA180QAM,ST8000NM0055,1.0,1016.0,0.0,63681339976.0,8590065666.0,0.0,0.0
13733956,2019-08-02,ZA180QAN,ST8000NM0055,1.0,24.0,3.0,49909234656.0,0.0,8.0,8.0
13737151,2022-04-03,ZA180QAS,ST8000NM0055,1.0,55232.0,60.0,75973519656.0,4295032833.0,0.0,0.0
13743592,2022-03-01,ZA180QB2,ST8000NM0055,1.0,2888.0,45.0,73980891312.0,0.0,8.0,8.0
13748033,2021-12-03,ZA180QB8,ST8000NM0055,1.0,96.0,0.0,72288119664.0,0.0,0.0,0.0
13759628,2018-04-20,ZA180QBJ,ST8000NM0055,1.0,0.0,0.0,25322645848.0,0.0,0.0,0.0
13784162,2022-04-15,ZA180QC2,ST8000NM0055,1.0,184.0,1.0,81060430248.0,0.0,0.0,0.0
13792744,2019-01-17,ZA180QC8,ST8000NM0055,1.0,0.0,5.0,39345259040.0,0.0,464.0,464.0
13909934,2020-01-01,ZA180QFP,ST8000NM0055,1.0,97.0,0.0,55006173128.0,0.0,0.0,0.0
13961977,2021-04-17,ZA180QHB,ST8000NM0055,1.0,24.0,0.0,69817172016.0,0.0,0.0,0.0
13975477,2019-01-10,ZA180QHT,ST8000NM0055,1.0,10.0,0.0,39289233272.0,0.0,24.0,24.0
13975788,2018-11-08,ZA180QHW,ST8000NM0055,1.0,24.0,0.0,39675260720.0,0.0,0.0,0.0
13982986,2019-10-03,ZA180QJ5,ST8000NM0055,1.0,16.0,0.0,52666458816.0,0.0,0.0,0.0
13985905,2021-07-03,ZA180QJ7,ST8000NM0055,1.0,35736.0,38.0,71576809880.0,0.0,0.0,0.0
13997448,2018-02-23,ZA180QJK,ST8000NM0055,1.0,0.0,0.0,23303132600.0,0.0,0.0,0.0
14066101,2021-10-30,ZA180QLR,ST8000NM0055,1.0,10384.0,13.0,75333600544.0,0.0,0.0,0.0
14109162,2019-03-03,ZA180QNJ,ST8000NM0055,1.0,0.0,0.0,44392426072.0,0.0,0.0,0.0
14131588,2021-01-26,ZA180QPC,ST8000NM0055,1.0,80.0,3.0,65712710624.0,0.0,0.0,0.0
14147731,2021-10-11,ZA180QQ1,ST8000NM0055,1.0,0.0,0.0,70922865512.0,4295032833.0,0.0,0.0
14194003,2018-12-10,ZA180QS4,ST8000NM0055,1.0,0.0,5.0,38003087128.0,0.0,16.0,16.0
14220552,2018-11-03,ZA180QTG,ST8000NM0055,1.0,22640.0,35.0,39725179048.0,0.0,0.0,0.0
14224866,2020-10-31,ZA180QTN,ST8000NM0055,1.0,20456.0,23.0,66301782416.0,0.0,0.0,0.0
14288642,2021-12-26,ZA180QXV,ST8000NM0055,1.0,0.0,0.0,78342328776.0,0.0,0.0,0.0
14372837,2019-06-19,ZA180R10,ST8000NM0055,1.0,0.0,0.0,46512497432.0,0.0,0.0,0.0
14381463,2019-03-04,ZA180R1C,ST8000NM0055,1.0,9.0,2.0,41469793384.0,0.0,8.0,8.0
14389552,2022-03-10,ZA180R1H,ST8000NM0055,1.0,13064.0,21.0,73535560224.0,0.0,0.0,0.0
14420480,2021-10-31,ZA180R2E,ST8000NM0055,1.0,14640.0,43.0,75600483520.0,0.0,0.0,0.0
14466811,2019-02-08,ZA180R3Y,ST8000NM0055,1.0,0.0,0.0,42931759056.0,0.0,0.0,0.0
14496901,2019-07-26,ZA180R52,ST8000NM0055,1.0,2504.0,1.0,51101201408.0,0.0,0.0,0.0
14504761,2021-07-25,ZA180R5F,ST8000NM0055,1.0,58552.0,81.0,69613182848.0,0.0,0.0,0.0
14521094,2022-04-13,ZA180R70,ST8000NM0055,1.0,41632.0,290.0,75440170472.0,0.0,0.0,0.0
14523310,2019-07-31,ZA180R72,ST8000NM0055,1.0,8.0,3.0,49487111112.0,0.0,8.0,8.0
14524337,2020-10-25,ZA180R73,ST8000NM0055,1.0,16.0,3.0,68423431560.0,0.0,8.0,8.0
14524765,2019-03-04,ZA180R77,ST8000NM0055,1.0,0.0,0.0,43049825248.0,0.0,0.0,0.0
14542305,2021-02-14,ZA180R9T,ST8000NM0055,1.0,26432.0,48.0,69481428424.0,0.0,0.0,0.0
14550587,2018-03-23,ZA180RA6,ST8000NM0055,1.0,13040.0,69.0,28628710200.0,0.0,0.0,0.0
14558957,2018-06-15,ZA180RAD,ST8000NM0055,1.0,40.0,4.0,33441400248.0,0.0,8.0,8.0
14569009,2019-07-25,ZA180RAR,ST8000NM0055,1.0,32.0,14.0,48004026904.0,0.0,40.0,40.0
14610067,2018-02-23,ZA180RCH,ST8000NM0055,1.0,0.0,0.0,21236024944.0,0.0,0.0,0.0
14615167,2018-06-26,ZA180RCT,ST8000NM0055,1.0,0.0,0.0,34794172184.0,0.0,0.0,0.0
14621588,2022-02-09,ZA180RD5,ST8000NM0055,1.0,0.0,0.0,72511185256.0,0.0,0.0,0.0
14626995,2019-05-02,ZA180RDJ,ST8000NM0055,1.0,0.0,6.0,45381853336.0,0.0,16.0,16.0
14635919,2019-12-18,ZA180RDR,ST8000NM0055,1.0,2272.0,25.0,55977151032.0,0.0,496.0,496.0
14637678,2018-04-27,ZA180RDT,ST8000NM0055,1.0,30128.0,60.0,31175295720.0,0.0,0.0,0.0
14640235,2020-07-07,ZA180RDW,ST8000NM0055,1.0,72.0,0.0,58477308424.0,0.0,0.0,0.0
14647478,2019-11-13,ZA180RE9,ST8000NM0055,1.0,0.0,0.0,53856075760.0,0.0,0.0,0.0
14658001,2019-11-17,ZA180RJZ,ST8000NM0055,1.0,0.0,0.0,54253049320.0,0.0,0.0,0.0
14670560,2020-12-15,ZA180RNN,ST8000NM0055,1.0,40.0,0.0,65187026976.0,0.0,0.0,0.0
14690223,2022-06-13,ZA180RQ5,ST8000NM0055,1.0,0.0,0.0,76837177968.0,0.0,0.0,0.0
14707978,2021-09-04,ZA180RTJ,ST8000NM0055,1.0,53168.0,53.0,76375156952.0,0.0,0.0,0.0
14745411,2021-09-25,ZA180RYZ,ST8000NM0055,1.0,8.0,10.0,70976404880.0,0.0,16.0,16.0
14750263,2022-04-17,ZA180RZY,ST8000NM0055,1.0,40248.0,40.0,74409553904.0,0.0,0.0,0.0
14756636,2021-12-29,ZA180S47,ST8000NM0055,1.0,144.0,1.0,78740281296.0,0.0,0.0,0.0
14760875,2020-08-15,ZA180S4K,ST8000NM0055,1.0,8720.0,10.0,61773365456.0,8590065666.0,32.0,32.0
14764902,2020-01-16,ZA180S4R,ST8000NM0055,1.0,0.0,3.0,53449942720.0,0.0,8.0,8.0
14775487,2020-01-13,ZA180S54,ST8000NM0055,1.0,8040.0,3.0,54578196160.0,196612.0,8.0,8.0
14957029,2020-12-03,ZA180SKQ,ST8000NM0055,1.0,0.0,0.0,63835978256.0,0.0,0.0,0.0
14969809,2021-07-18,ZA180SL1,ST8000NM0055,1.0,13272.0,305.0,69378113592.0,0.0,480.0,480.0
14995337,2020-07-15,ZA180SLS,ST8000NM0055,1.0,24.0,0.0,60203351576.0,0.0,0.0,0.0
14996968,2022-06-19,ZA180SM1,ST8000NM0055,1.0,27632.0,58.0,78269146776.0,0.0,0.0,0.0
15040664,2020-11-16,ZA180VX4,ST8000NM0055,1.0,48.0,0.0,64915900928.0,0.0,0.0,0.0
15078255,2022-02-05,ZA180WNB,ST8000NM0055,1.0,11408.0,15.0,72827836720.0,0.0,40.0,40.0
15093935,2020-07-15,ZA180X6M,ST8000NM0055,1.0,8.0,0.0,60309579800.0,0.0,0.0,0.0
15096966,2021-10-29,ZA180X72,ST8000NM0055,1.0,480.0,6.0,76138258520.0,0.0,24.0,24.0
15101843,2022-05-12,ZA180X79,ST8000NM0055,1.0,7512.0,39.0,76663072912.0,0.0,0.0,0.0
15118561,2018-11-16,ZA180X8C,ST8000NM0055,1.0,8.0,0.0,38730612272.0,0.0,0.0,0.0
15123827,2018-12-17,ZA180X8P,ST8000NM0055,1.0,168.0,1.0,41947118080.0,0.0,0.0,0.0
15153560,2018-08-06,ZA180XB3,ST8000NM0055,1.0,28312.0,48.0,31832266000.0,0.0,0.0,0.0
15180114,2018-11-21,ZA180XCA,ST8000NM0055,1.0,0.0,0.0,39869315416.0,0.0,0.0,0.0
15184082,2019-11-19,ZA180XCQ,ST8000NM0055,1.0,24.0,0.0,54019148736.0,0.0,8.0,8.0
15187371,2018-01-11,ZA180XCZ,ST8000NM0055,1.0,0.0,0.0,18947365352.0,0.0,0.0,0.0
15194363,2019-03-07,ZA180XD5,ST8000NM0055,1.0,0.0,0.0,44415947208.0,0.0,0.0,0.0
15197709,2018-03-10,ZA180XDJ,ST8000NM0055,1.0,3648.0,8.0,28322124896.0,0.0,8.0,8.0
15208571,2020-10-26,ZA180XE1,ST8000NM0055,1.0,1168.0,128.0,65291447520.0,0.0,0.0,0.0
15237740,2021-07-15,ZA180XGQ,ST8000NM0055,1.0,9352.0,23.0,71074798088.0,0.0,0.0,0.0
15246964,2020-10-28,ZA180XHL,ST8000NM0055,1.0,16.0,0.0,65661442304.0,0.0,0.0,0.0
15251776,2022-03-11,ZA180XHR,ST8000NM0055,1.0,43456.0,46.0,75042593888.0,0.0,0.0,0.0
15265764,2020-05-28,ZA180XJA,ST8000NM0055,1.0,0.0,0.0,60015467000.0,0.0,0.0,0.0
15299222,2019-10-23,ZA180XL7,ST8000NM0055,1.0,8.0,0.0,53891906040.0,0.0,0.0,0.0
15301834,2020-09-01,ZA180XLA,ST8000NM0055,1.0,0.0,0.0,64211549336.0,0.0,0.0,0.0
15321082,2021-05-05,ZA180XM0,ST8000NM0055,1.0,13528.0,45.0,69478816480.0,4295032833.0,8.0,8.0
15321136,2018-02-23,ZA180XM2,ST8000NM0055,1.0,20040.0,31.0,27002717632.0,0.0,120.0,120.0
15325815,2021-11-03,ZA180XM7,ST8000NM0055,1.0,8.0,3.0,74885328904.0,0.0,0.0,0.0
15327272,2021-12-29,ZA180XM8,ST8000NM0055,1.0,37424.0,59.0,77424122424.0,0.0,0.0,0.0
15361663,2022-05-25,ZA180XPE,ST8000NM0055,1.0,34808.0,79.0,77607527720.0,8590065666.0,0.0,0.0
15373879,2020-01-13,ZA180XQ2,ST8000NM0055,1.0,1072.0,7.0,54401650272.0,0.0,16.0,16.0
15385472,2018-04-29,ZA180XQM,ST8000NM0055,1.0,680.0,4.0,30655601832.0,0.0,16.0,16.0
15395063,2021-10-30,ZA180XR2,ST8000NM0055,1.0,1344.0,100.0,78497078232.0,0.0,272.0,272.0
15399269,2020-07-20,ZA180XRG,ST8000NM0055,1.0,21576.0,121.0,64452143856.0,0.0,448.0,448.0
15418910,2022-06-01,ZA180XSL,ST8000NM0055,1.0,24848.0,84.0,77443228712.0,4295032833.0,0.0,0.0
15436028,2019-12-24,ZA180XTV,ST8000NM0055,1.0,440.0,12.0,55674239568.0,0.0,0.0,0.0
15438763,2020-12-30,ZA180XV1,ST8000NM0055,1.0,136.0,0.0,67922093920.0,0.0,0.0,0.0
15443583,2022-03-22,ZA180XV5,ST8000NM0055,1.0,0.0,0.0,79849781912.0,0.0,0.0,0.0
15464653,2021-10-31,ZA180XW5,ST8000NM0055,1.0,15512.0,14.0,76876491048.0,0.0,0.0,0.0
15477609,2022-01-19,ZA180XWP,ST8000NM0055,1.0,18216.0,29.0,78213590088.0,0.0,0.0,0.0
15485105,2020-07-30,ZA180XWY,ST8000NM0055,1.0,736.0,22.0,63343789688.0,0.0,24.0,24.0
15489856,2022-01-16,ZA180XX6,ST8000NM0055,1.0,35488.0,377.0,71840908640.0,21475164165.0,0.0,0.0
15506333,2018-03-01,ZA180XXQ,ST8000NM0055,1.0,0.0,0.0,27805109208.0,0.0,0.0,0.0
15572910,2020-08-23,ZA180Y1V,ST8000NM0055,1.0,80.0,3.0,62893845880.0,0.0,8.0,8.0
15620350,2022-03-12,ZA180Y97,ST8000NM0055,1.0,248.0,1.0,79628088344.0,0.0,0.0,0.0
15660696,2020-09-10,ZA180YDL,ST8000NM0055,1.0,23440.0,197.0,63424797952.0,0.0,0.0,0.0
15668751,2022-02-06,ZA180YE9,ST8000NM0055,1.0,16.0,0.0,77755813432.0,0.0,0.0,0.0
15679166,2019-07-27,ZA180YF7,ST8000NM0055,1.0,16.0,0.0,49788590648.0,0.0,16.0,16.0
15697730,2019-06-05,ZA180YGA,ST8000NM0055,1.0,8.0,0.0,48062483880.0,0.0,0.0,0.0
15753476,2022-06-15,ZA180YKL,ST8000NM0055,1.0,48.0,0.0,82191020456.0,0.0,0.0,0.0
15754936,2022-01-01,ZA180YKM,ST8000NM0055,1.0,0.0,0.0,77101431456.0,0.0,0.0,0.0
15778258,2019-01-01,ZA180YM3,ST8000NM0055,1.0,0.0,0.0,42506308304.0,0.0,0.0,0.0
15784015,2020-04-19,ZA180YMC,ST8000NM0055,1.0,80.0,0.0,57623001216.0,0.0,0.0,0.0
15791112,2019-06-17,ZA180YMP,ST8000NM0055,1.0,16224.0,43.0,49321051392.0,0.0,0.0,0.0
15793212,2019-04-07,ZA180YMR,ST8000NM0055,1.0,0.0,0.0,46734388416.0,0.0,0.0,0.0
15812196,2020-07-27,ZA180YNM,ST8000NM0055,1.0,27832.0,118.0,62459836656.0,0.0,8.0,8.0
15820327,2022-04-24,ZA180YNZ,ST8000NM0055,1.0,12320.0,50.0,75020690552.0,4295032833.0,0.0,0.0
15884457,2018-06-04,ZA180YRX,ST8000NM0055,1.0,0.0,0.0,32845427864.0,0.0,0.0,0.0
15894367,2018-03-05,ZA180YS8,ST8000NM0055,1.0,23104.0,97.0,24386570536.0,0.0,0.0,0.0
15894937,2019-07-24,ZA180YSA,ST8000NM0055,1.0,0.0,0.0,50839020440.0,0.0,0.0,0.0
15907436,2020-10-14,ZA180YSN,ST8000NM0055,1.0,5272.0,18.0,63648283936.0,0.0,0.0,0.0
15916303,2019-11-01,ZA180YSX,ST8000NM0055,1.0,0.0,3.0,53966224752.0,0.0,8.0,8.0
15921203,2022-06-10,ZA180YT7,ST8000NM0055,1.0,0.0,38.0,78427285656.0,0.0,216.0,216.0
15930731,2021-08-20,ZA180YTN,ST8000NM0055,1.0,0.0,0.0,70689536768.0,0.0,0.0,0.0
15936838,2021-04-03,ZA180YTV,ST8000NM0055,1.0,17784.0,23.0,70922309920.0,0.0,16.0,16.0
15948045,2021-09-20,ZA180YV7,ST8000NM0055,1.0,16.0,0.0,71263056784.0,0.0,0.0,0.0
15960700,2021-03-12,ZA180YVS,ST8000NM0055,1.0,0.0,0.0,66232308784.0,0.0,0.0,0.0
15963556,2021-04-30,ZA180YVW,ST8000NM0055,1.0,6336.0,17.0,71651337656.0,0.0,0.0,0.0
15966558,2021-09-23,ZA180YW1,ST8000NM0055,1.0,8121.0,23.0,76073526752.0,0.0,0.0,0.0
15973682,2019-07-18,ZA180YWB,ST8000NM0055,1.0,0.0,5.0,48534956976.0,0.0,16.0,16.0
16012800,2021-10-25,ZA180YXR,ST8000NM0055,1.0,88.0,1.0,76435116984.0,0.0,0.0,0.0
16014385,2022-05-06,ZA180YXS,ST8000NM0055,1.0,20944.0,34.0,81321166856.0,0.0,0.0,0.0
16017648,2022-06-10,ZA180YXX,ST8000NM0055,1.0,61824.0,177.0,78296294016.0,4295032833.0,0.0,0.0
16019026,2021-10-12,ZA180YY0,ST8000NM0055,1.0,18768.0,48.0,57411221464.0,0.0,8.0,8.0
16023438,2021-02-06,ZA180YY5,ST8000NM0055,1.0,20635.0,27.0,68085261560.0,0.0,56.0,56.0
16024992,2022-04-03,ZA180YY8,ST8000NM0055,1.0,32488.0,140.0,75552253656.0,4295032833.0,0.0,0.0
16037896,2021-11-17,ZA180YYK,ST8000NM0055,1.0,3488.0,11.0,70932265280.0,0.0,0.0,0.0
16040316,2020-02-22,ZA180YYQ,ST8000NM0055,1.0,56.0,3.0,57506610776.0,0.0,8.0,8.0
16040689,2019-01-08,ZA180YYT,ST8000NM0055,1.0,0.0,0.0,40672927664.0,0.0,0.0,0.0
16045246,2021-07-03,ZA180YZ0,ST8000NM0055,1.0,0.0,0.0,71186635088.0,0.0,0.0,0.0
16063132,2022-01-23,ZA180YZK,ST8000NM0055,1.0,27088.0,104.0,72038592152.0,0.0,0.0,0.0
16074501,2022-03-04,ZA180Z00,ST8000NM0055,1.0,3792.0,16.0,74115921136.0,0.0,0.0,0.0
16090574,2021-08-11,ZA180Z0D,ST8000NM0055,1.0,15704.0,28.0,70251712096.0,0.0,0.0,0.0
16148242,2018-09-14,ZA180Z2Y,ST8000NM0055,1.0,0.0,0.0,38125507600.0,0.0,0.0,0.0
16154793,2022-06-19,ZA180Z35,ST8000NM0055,1.0,7336.0,59.0,76968250160.0,0.0,0.0,0.0
16167007,2020-01-09,ZA180Z3H,ST8000NM0055,1.0,9.0,14.0,55836746448.0,0.0,24.0,24.0
16169818,2021-03-19,ZA180Z3M,ST8000NM0055,1.0,32.0,6.0,69366246640.0,0.0,24.0,24.0
16175147,2019-02-14,ZA180Z3W,ST8000NM0055,1.0,320.0,0.0,44074364064.0,0.0,0.0,0.0
16189485,2021-05-03,ZA180Z4N,ST8000NM0055,1.0,12336.0,2.0,70122986528.0,0.0,0.0,0.0
16209691,2019-06-18,ZA180Z59,ST8000NM0055,1.0,0.0,1.0,46734492448.0,0.0,8.0,8.0
16212808,2022-01-20,ZA180Z5C,ST8000NM0055,1.0,11953.0,26.0,79498111696.0,0.0,0.0,0.0
16219280,2022-04-06,ZA180Z5T,ST8000NM0055,1.0,61704.0,89.0,80029991552.0,0.0,8.0,8.0
16260281,2020-01-09,ZA180Z8N,ST8000NM0055,1.0,8.0,81.0,55142255144.0,0.0,0.0,0.0
16263422,2022-02-12,ZA180Z8Z,ST8000NM0055,1.0,40.0,0.0,79203889552.0,0.0,0.0,0.0
16270960,2020-09-08,ZA180Z9Y,ST8000NM0055,1.0,104.0,7.0,65234732872.0,0.0,8.0,8.0
16285596,2022-02-25,ZA180ZBN,ST8000NM0055,1.0,0.0,0.0,78544953912.0,0.0,0.0,0.0
16292307,2018-06-09,ZA180ZCJ,ST8000NM0055,1.0,45856.0,82.0,32873221032.0,0.0,16.0,16.0
16298479,2021-06-08,ZA180ZD1,ST8000NM0055,1.0,19296.0,35.0,70454305264.0,0.0,0.0,0.0
16303003,2021-05-31,ZA180ZD7,ST8000NM0055,1.0,23912.0,45.0,70398935784.0,0.0,0.0,0.0
16318256,2019-05-14,ZA180ZE5,ST8000NM0055,1.0,104.0,0.0,46393161584.0,0.0,0.0,0.0
16319421,2021-03-12,ZA180ZEB,ST8000NM0055,1.0,49448.0,273.0,68942309336.0,0.0,16.0,16.0
16319776,2018-12-22,ZA180ZEC,ST8000NM0055,1.0,23320.0,9.0,40987653312.0,0.0,8.0,8.0
16332990,2018-04-06,ZA180ZF8,ST8000NM0055,1.0,0.0,0.0,29387278328.0,0.0,0.0,0.0
16354812,2019-05-24,ZA180ZHC,ST8000NM0055,1.0,10.0,3.0,49132559600.0,0.0,40.0,40.0
16355548,2020-01-06,ZA180ZHH,ST8000NM0055,1.0,14072.0,27.0,55944813360.0,0.0,0.0,0.0
16355576,2018-01-28,ZA180ZHJ,ST8000NM0055,1.0,1864.0,3.0,27047219128.0,0.0,0.0,0.0
16361657,2021-03-11,ZA180ZHZ,ST8000NM0055,1.0,61016.0,376.0,68592517600.0,0.0,0.0,0.0
16387209,2020-08-17,ZA180ZP7,ST8000NM0055,1.0,4248.0,0.0,61068477888.0,0.0,16.0,16.0
16389622,2020-02-10,ZA180ZPC,ST8000NM0055,1.0,8.0,5.0,56658338336.0,0.0,16.0,16.0
16409421,2018-05-12,ZA180ZRC,ST8000NM0055,1.0,440.0,0.0,31789428680.0,0.0,0.0,0.0
16447864,2019-12-27,ZA180ZVF,ST8000NM0055,1.0,40.0,0.0,54902814112.0,0.0,0.0,0.0
16448617,2020-01-25,ZA180ZVK,ST8000NM0055,1.0,248.0,0.0,55768351720.0,0.0,0.0,0.0
16453977,2019-03-18,ZA180ZVY,ST8000NM0055,1.0,0.0,0.0,42840994728.0,0.0,0.0,0.0
16488067,2021-07-10,ZA180ZZE,ST8000NM0055,1.0,88.0,0.0,70821421568.0,0.0,0.0,0.0
16489717,2018-01-09,ZA180ZZH,ST8000NM0055,1.0,1448.0,4.0,26039561744.0,0.0,0.0,0.0
16530728,2018-01-15,ZA181026,ST8000NM0055,1.0,88.0,5.0,26576256584.0,0.0,16.0,16.0
16548037,2020-06-15,ZA181038,ST8000NM0055,1.0,26840.0,66.0,62218676008.0,0.0,0.0,0.0
16570812,2021-12-12,ZA18104G,ST8000NM0055,1.0,,,,,,
16592168,2018-01-30,ZA18105C,ST8000NM0055,1.0,0.0,0.0,19195705768.0,0.0,0.0,0.0
16620024,2022-05-27,ZA18106K,ST8000NM0055,1.0,,,,,,
16626971,2019-01-15,ZA18106W,ST8000NM0055,1.0,216.0,0.0,42995708320.0,0.0,0.0,0.0
16671973,2019-11-30,ZA18109B,ST8000NM0055,1.0,25336.0,13.0,53961652640.0,0.0,0.0,0.0
16724865,2019-01-24,ZA1810B6,ST8000NM0055,1.0,0.0,0.0,40108778024.0,0.0,0.0,0.0
16726485,2022-06-11,ZA1810B8,ST8000NM0055,1.0,23552.0,414.0,81390857776.0,65548.0,304.0,304.0
16743454,2019-07-16,ZA1810C1,ST8000NM0055,1.0,16800.0,3.0,50795255080.0,0.0,16.0,16.0
16766863,2019-04-02,ZA1810CT,ST8000NM0055,1.0,8.0,0.0,45588881232.0,0.0,0.0,0.0
16783380,2018-04-23,ZA1810EF,ST8000NM0055,1.0,0.0,0.0,24545149088.0,0.0,0.0,0.0
16808819,2020-04-19,ZA1810FR,ST8000NM0055,1.0,0.0,0.0,59941680328.0,0.0,0.0,0.0
16813624,2022-03-01,ZA1810FV,ST8000NM0055,1.0,16.0,9.0,73866078560.0,0.0,0.0,0.0
16821715,2022-03-04,ZA1810G2,ST8000NM0055,1.0,9360.0,24.0,74963104808.0,0.0,0.0,0.0
16858374,2019-08-07,ZA1810KB,ST8000NM0055,1.0,0.0,6.0,51669221376.0,0.0,16.0,16.0
16872030,2019-06-13,ZA1810KV,ST8000NM0055,1.0,9.0,4.0,47487475472.0,0.0,8.0,8.0
16885041,2022-03-07,ZA1810LK,ST8000NM0055,1.0,62480.0,35.0,74750014608.0,0.0,0.0,0.0
16902446,2020-09-24,ZA1810R3,ST8000NM0055,1.0,56.0,3.0,61420707920.0,0.0,8.0,8.0
16914218,2018-10-29,ZA1811D2,ST8000NM0055,1.0,0.0,0.0,38949447440.0,0.0,0.0,0.0
17024217,2018-07-14,ZA1813W6,ST8000NM0055,1.0,48.0,0.0,34406534280.0,0.0,0.0,0.0
17032899,2019-05-02,ZA18141J,ST8000NM0055,1.0,,,,,,
17062046,2021-06-25,ZA181441,ST8000NM0055,1.0,41816.0,395.0,70662374728.0,0.0,40.0,40.0
17066612,2021-07-05,ZA181445,ST8000NM0055,1.0,44960.0,64.0,70279571560.0,0.0,8.0,8.0
17083370,2019-01-04,ZA18145R,ST8000NM0055,1.0,0.0,3.0,42006499112.0,0.0,8.0,8.0
17110183,2019-07-22,ZA18147N,ST8000NM0055,1.0,0.0,0.0,49303427304.0,0.0,0.0,0.0
17122249,2019-08-05,ZA18148A,ST8000NM0055,1.0,0.0,0.0,50078017352.0,0.0,0.0,0.0
17123753,2022-02-14,ZA18148C,ST8000NM0055,1.0,40.0,0.0,78004631568.0,0.0,0.0,0.0
17128975,2018-10-23,ZA18148T,ST8000NM0055,1.0,0.0,0.0,39271398488.0,0.0,0.0,0.0
17137509,2018-11-30,ZA181497,ST8000NM0055,1.0,0.0,0.0,40184530112.0,0.0,0.0,0.0
17172726,2018-08-16,ZA1814CK,ST8000NM0055,1.0,672.0,9.0,31671085512.0,0.0,16.0,16.0
17173951,2021-05-11,ZA1814CL,ST8000NM0055,1.0,14792.0,36.0,71003355584.0,0.0,256.0,256.0
17191883,2022-03-19,ZA1814D6,ST8000NM0055,1.0,2496.0,3.0,79510492992.0,0.0,8.0,8.0
17196692,2022-03-11,ZA1814DD,ST8000NM0055,1.0,40.0,0.0,72385172904.0,0.0,0.0,0.0
17222722,2021-12-06,ZA1814EE,ST8000NM0055,1.0,4400.0,13.0,71811752072.0,0.0,16.0,16.0
17225267,2020-06-26,ZA1814ES,ST8000NM0055,1.0,22112.0,33.0,63465058392.0,4295032833.0,0.0,0.0
17231219,2020-11-04,ZA1814EY,ST8000NM0055,1.0,8.0,0.0,65199668344.0,0.0,0.0,0.0
17231595,2019-01-11,ZA1814EZ,ST8000NM0055,1.0,64.0,0.0,40918279880.0,0.0,0.0,0.0
17247556,2021-04-17,ZA1814FC,ST8000NM0055,1.0,25512.0,38.0,69848420008.0,0.0,0.0,0.0
17248110,2019-07-08,ZA1814FD,ST8000NM0055,1.0,0.0,0.0,47671788104.0,0.0,0.0,0.0
17252045,2019-10-16,ZA1814FJ,ST8000NM0055,1.0,8.0,9.0,50864896768.0,0.0,24.0,24.0
17259461,2020-05-10,ZA1814FX,ST8000NM0055,1.0,24928.0,30.0,60050168784.0,0.0,0.0,0.0
17262345,2021-05-26,ZA1814FZ,ST8000NM0055,1.0,58888.0,70.0,69758857784.0,0.0,0.0,0.0
17263634,2021-07-14,ZA1814G3,ST8000NM0055,1.0,330.0,0.0,74186134688.0,0.0,16.0,16.0
17285706,2020-01-27,ZA1814H1,ST8000NM0055,1.0,10360.0,34.0,56753277632.0,0.0,0.0,0.0
17296429,2020-06-01,ZA1814J4,ST8000NM0055,1.0,0.0,0.0,60913155744.0,0.0,0.0,0.0
17300087,2019-01-16,ZA1814JM,ST8000NM0055,1.0,0.0,0.0,42446515464.0,0.0,0.0,0.0
17331915,2019-11-01,ZA1814L2,ST8000NM0055,1.0,0.0,3.0,52266518392.0,0.0,8.0,8.0
17333231,2021-08-08,ZA1814L4,ST8000NM0055,1.0,3840.0,1.0,69181643072.0,0.0,0.0,0.0
17392204,2022-04-07,ZA1814NK,ST8000NM0055,1.0,0.0,0.0,75670401384.0,0.0,0.0,0.0
17397604,2019-04-22,ZA1814NS,ST8000NM0055,1.0,0.0,0.0,44699247912.0,0.0,0.0,0.0
17408862,2021-11-21,ZA1814P4,ST8000NM0055,1.0,40.0,0.0,76067236848.0,0.0,0.0,0.0
17410034,2021-03-19,ZA1814P5,ST8000NM0055,1.0,3456.0,0.0,69245219080.0,0.0,0.0,0.0
17423372,2018-07-30,ZA1814Q6,ST8000NM0055,1.0,96.0,9.0,31541414160.0,0.0,24.0,24.0
17453397,2019-05-06,ZA1814SY,ST8000NM0055,1.0,0.0,3.0,46086688664.0,0.0,72.0,72.0
17458826,2019-05-22,ZA1814T9,ST8000NM0055,1.0,48.0,3.0,47221433656.0,0.0,8.0,8.0
17461894,2021-11-28,ZA1814TR,ST8000NM0055,1.0,8.0,0.0,75472494616.0,0.0,0.0,0.0
17499041,2020-11-22,ZA1814W1,ST8000NM0055,1.0,8.0,38.0,64591858440.0,0.0,48.0,48.0
17538714,2018-11-20,ZA18152B,ST8000NM0055,1.0,0.0,0.0,39765892608.0,8590065666.0,0.0,0.0
17563313,2022-06-19,ZA181559,ST8000NM0055,1.0,8.0,0.0,77991788040.0,0.0,0.0,0.0
17564777,2022-01-06,ZA18155G,ST8000NM0055,1.0,22400.0,28.0,78405092056.0,0.0,8.0,8.0
17597423,2022-01-16,ZA18156D,ST8000NM0055,1.0,32880.0,138.0,78149602064.0,0.0,0.0,0.0
17609980,2020-12-11,ZA18156T,ST8000NM0055,1.0,8.0,0.0,63943458504.0,8590065666.0,0.0,0.0
17672912,2019-08-09,ZA1815AA,ST8000NM0055,1.0,0.0,0.0,48337514000.0,0.0,0.0,0.0
17711834,2021-04-06,ZA1815BM,ST8000NM0055,1.0,10328.0,3.0,66862366272.0,8590065666.0,0.0,0.0
17733613,2019-04-04,ZA1815CD,ST8000NM0055,1.0,0.0,6.0,43809814864.0,0.0,16.0,16.0
17735973,2019-12-28,ZA1815CF,ST8000NM0055,1.0,16.0,0.0,54734339000.0,0.0,0.0,0.0
17739059,2021-12-14,ZA1815CK,ST8000NM0055,1.0,4320.0,0.0,71545404976.0,0.0,8.0,8.0
17749844,2020-07-30,ZA1815CT,ST8000NM0055,1.0,128.0,0.0,62489271584.0,0.0,0.0,0.0
17796716,2020-07-31,ZA1815EF,ST8000NM0055,1.0,0.0,4.0,60252478480.0,0.0,16.0,16.0
17818804,2020-02-06,ZA1815LG,ST8000NM0055,1.0,10744.0,26.0,58099130048.0,0.0,0.0,0.0
17829297,2019-10-23,ZA1815XB,ST8000NM0055,1.0,144.0,0.0,53540369904.0,0.0,0.0,0.0
17833543,2020-08-27,ZA18160S,ST8000NM0055,1.0,0.0,0.0,62223735888.0,0.0,0.0,0.0
17842342,2019-08-31,ZA18166B,ST8000NM0055,1.0,16.0,0.0,50891362216.0,0.0,0.0,0.0
17851324,2020-02-20,ZA18168F,ST8000NM0055,1.0,960.0,1.0,55885696888.0,0.0,0.0,0.0
17864815,2019-01-22,ZA1816BZ,ST8000NM0055,1.0,0.0,0.0,43082420816.0,0.0,0.0,0.0
17869054,2020-08-21,ZA1816CT,ST8000NM0055,1.0,1846.0,17.0,63725179216.0,0.0,0.0,0.0
17871426,2020-01-05,ZA1816DH,ST8000NM0055,1.0,0.0,0.0,55668637472.0,0.0,0.0,0.0
17887527,2021-09-02,ZA1816VE,ST8000NM0055,1.0,0.0,0.0,73813106680.0,0.0,0.0,0.0
17895078,2020-09-23,ZA1816WJ,ST8000NM0055,1.0,8.0,0.0,64344371408.0,0.0,0.0,0.0
17925996,2021-11-13,ZA18171G,ST8000NM0055,1.0,0.0,3.0,76446712720.0,0.0,8.0,8.0
17993002,2021-10-29,ZA1817HG,ST8000NM0055,1.0,8.0,9.0,76140636720.0,0.0,24.0,24.0
18023274,2020-01-12,ZA1817N8,ST8000NM0055,1.0,0.0,41.0,55116222144.0,4295032833.0,8.0,8.0
18074486,2019-01-18,ZA18183R,ST8000NM0055,1.0,16.0,0.0,43193499024.0,0.0,0.0,0.0
18085635,2021-08-05,ZA18185Y,ST8000NM0055,1.0,30608.0,31.0,72095676416.0,0.0,0.0,0.0
18097695,2019-08-09,ZA18189Z,ST8000NM0055,1.0,280.0,0.0,50552243896.0,0.0,0.0,0.0
18108229,2019-11-26,ZA1818AM,ST8000NM0055,1.0,9.0,0.0,53775637120.0,0.0,72.0,72.0
18124595,2022-06-04,ZA1818B4,ST8000NM0055,1.0,28928.0,105.0,81141280344.0,0.0,0.0,0.0
18135648,2021-04-30,ZA1818BG,ST8000NM0055,1.0,26432.0,27.0,69929314936.0,0.0,8.0,8.0
18142860,2019-10-14,ZA1818BX,ST8000NM0055,1.0,24.0,5.0,52532170616.0,0.0,16.0,16.0
18147437,2021-07-22,ZA1818C3,ST8000NM0055,1.0,10968.0,11.0,73018592304.0,0.0,32.0,32.0
18157207,2022-04-19,ZA1818C9,ST8000NM0055,1.0,96.0,0.0,76540859288.0,0.0,0.0,0.0
18157612,2019-02-10,ZA1818CA,ST8000NM0055,1.0,0.0,0.0,44016157384.0,0.0,248.0,248.0
18160964,2018-03-12,ZA1818CD,ST8000NM0055,1.0,15736.0,46.0,28400514624.0,0.0,8.0,8.0
18183020,2020-01-17,ZA1818CX,ST8000NM0055,1.0,24.0,1.0,56204256088.0,0.0,0.0,0.0
18200915,2022-02-08,ZA1818DC,ST8000NM0055,1.0,16.0,0.0,73252682416.0,0.0,0.0,0.0
18208716,2021-06-01,ZA1818DM,ST8000NM0055,1.0,20249.0,58.0,70418146328.0,0.0,0.0,0.0
18243059,2022-03-13,ZA1818F1,ST8000NM0055,1.0,0.0,0.0,74580207504.0,12885098499.0,0.0,0.0
18246787,2019-03-27,ZA1818F7,ST8000NM0055,1.0,0.0,0.0,43280360368.0,0.0,0.0,0.0
18258715,2019-03-26,ZA1818FT,ST8000NM0055,1.0,0.0,0.0,44092918384.0,0.0,0.0,0.0
18289190,2020-08-03,ZA1818GZ,ST8000NM0055,1.0,44888.0,57.0,63588514240.0,0.0,48.0,48.0
18298597,2021-04-17,ZA1818H6,ST8000NM0055,1.0,0.0,0.0,67124333304.0,0.0,0.0,0.0
18303023,2021-02-15,ZA1818HB,ST8000NM0055,1.0,37536.0,20.0,66669212816.0,0.0,0.0,0.0
18314926,2019-02-24,ZA1818HP,ST8000NM0055,1.0,0.0,15.0,44300728976.0,0.0,24.0,24.0
18319237,2020-10-28,ZA1818HV,ST8000NM0055,1.0,760.0,4.0,66681586224.0,0.0,0.0,0.0
18320038,2020-03-11,ZA1818HX,ST8000NM0055,1.0,0.0,3.0,57175738992.0,0.0,8.0,8.0
18328529,2018-10-18,ZA1818J7,ST8000NM0055,1.0,1368.0,1.0,38810526272.0,0.0,0.0,0.0
18339500,2021-02-03,ZA1818JR,ST8000NM0055,1.0,208.0,3.0,67073172240.0,0.0,0.0,0.0
18340387,2020-06-08,ZA1818JS,ST8000NM0055,1.0,32.0,3.0,61307347440.0,0.0,8.0,8.0
18364493,2021-02-09,ZA1818KE,ST8000NM0055,1.0,4128.0,37.0,67196251032.0,0.0,0.0,0.0
18370460,2020-11-17,ZA1818KM,ST8000NM0055,1.0,16240.0,40.0,65715810616.0,0.0,16.0,16.0
18387844,2020-09-10,ZA1818L7,ST8000NM0055,1.0,35680.0,87.0,63638672128.0,0.0,0.0,0.0
18526103,2019-05-20,ZA1818R3,ST8000NM0055,1.0,2536.0,2.0,46523992008.0,0.0,0.0,0.0
18537960,2019-01-23,ZA1818RN,ST8000NM0055,1.0,0.0,0.0,42687802184.0,0.0,0.0,0.0
18563583,2020-10-20,ZA1818SM,ST8000NM0055,1.0,0.0,0.0,64553724648.0,0.0,0.0,0.0
18586168,2021-06-26,ZA18190Z,ST8000NM0055,1.0,48.0,0.0,71764009576.0,0.0,0.0,0.0
18600546,2021-06-15,ZA18197Y,ST8000NM0055,1.0,4560.0,24.0,70434134656.0,0.0,16.0,16.0
18600912,2019-01-01,ZA18197Z,ST8000NM0055,1.0,29616.0,112.0,39508967720.0,0.0,0.0,0.0
18617837,2019-06-04,ZA18198G,ST8000NM0055,1.0,40.0,0.0,46215007304.0,0.0,0.0,0.0
18713422,2019-04-02,ZA1819BW,ST8000NM0055,1.0,0.0,0.0,45239464064.0,0.0,0.0,0.0
18742625,2021-08-14,ZA1819D0,ST8000NM0055,1.0,104.0,0.0,73364641528.0,0.0,0.0,0.0
18758083,2019-11-20,ZA1819DM,ST8000NM0055,1.0,8.0,0.0,53788073504.0,0.0,0.0,0.0
18767418,2022-02-13,ZA1819DV,ST8000NM0055,1.0,17048.0,46.0,73173284104.0,0.0,0.0,0.0
18768907,2022-01-31,ZA1819DX,ST8000NM0055,1.0,14136.0,189.0,78043268688.0,0.0,0.0,0.0
18775680,2018-07-27,ZA1819E3,ST8000NM0055,1.0,0.0,0.0,30699020688.0,0.0,0.0,0.0
18783478,2021-05-21,ZA1819E8,ST8000NM0055,1.0,40.0,0.0,69675505168.0,0.0,0.0,0.0
18784422,2020-08-03,ZA1819E9,ST8000NM0055,1.0,464.0,209.0,62830947816.0,0.0,0.0,0.0
18793531,2020-06-29,ZA1819EP,ST8000NM0055,1.0,27400.0,99.0,62499174592.0,0.0,0.0,0.0
18798927,2019-04-18,ZA1819EY,ST8000NM0055,1.0,7840.0,2.0,45725693624.0,0.0,0.0,0.0
18821369,2021-01-25,ZA1819FP,ST8000NM0055,1.0,46440.0,126.0,65594900808.0,0.0,24.0,24.0
18825096,2019-03-25,ZA1819G2,ST8000NM0055,1.0,0.0,6.0,45055789544.0,0.0,16.0,16.0
18828040,2021-08-03,ZA1819G4,ST8000NM0055,1.0,128.0,3.0,73273521800.0,0.0,8.0,8.0
18847088,2020-09-27,ZA1819GX,ST8000NM0055,1.0,18904.0,38.0,66064821848.0,0.0,0.0,0.0
18854664,2020-10-07,ZA1819HA,ST8000NM0055,1.0,120.0,0.0,63359624608.0,0.0,0.0,0.0
18863325,2019-04-05,ZA1819HK,ST8000NM0055,1.0,0.0,0.0,44171831272.0,0.0,0.0,0.0
18875396,2019-08-16,ZA1819HV,ST8000NM0055,1.0,18856.0,37.0,50536875736.0,0.0,0.0,0.0
18891914,2018-05-04,ZA1819JJ,ST8000NM0055,1.0,0.0,0.0,31205397464.0,0.0,0.0,0.0
18906643,2022-06-03,ZA1819K5,ST8000NM0055,1.0,2232.0,3.0,81846071344.0,0.0,0.0,0.0
18925034,2018-12-20,ZA1819KS,ST8000NM0055,1.0,8.0,0.0,41298646552.0,0.0,0.0,0.0
18991338,2019-11-27,ZA1819N0,ST8000NM0055,1.0,0.0,2.0,52786615416.0,0.0,8.0,8.0
18996457,2018-07-22,ZA1819N5,ST8000NM0055,1.0,40.0,1.0,32057975496.0,0.0,0.0,0.0
19048340,2021-11-04,ZA1819QD,ST8000NM0055,1.0,10984.0,9.0,75456820480.0,0.0,0.0,0.0
19054879,2022-06-04,ZA1819QK,ST8000NM0055,1.0,12392.0,34.0,77843277032.0,0.0,16.0,16.0
19127011,2022-06-10,ZA1819TP,ST8000NM0055,1.0,28720.0,61.0,78400865584.0,0.0,16.0,16.0
19154549,2021-07-22,ZA1819VM,ST8000NM0055,1.0,8794.0,52.0,72006864016.0,0.0,24.0,24.0
19282177,2021-09-02,ZA1819ZZ,ST8000NM0055,1.0,20160.0,52.0,74954876968.0,0.0,8.0,8.0
19283501,2021-08-16,ZA181A00,ST8000NM0055,1.0,0.0,0.0,70729614528.0,0.0,0.0,0.0
19307948,2022-01-20,ZA181A0M,ST8000NM0055,1.0,49336.0,107.0,71414018976.0,0.0,0.0,0.0
19326948,2020-08-08,ZA181A14,ST8000NM0055,1.0,30304.0,65.0,62190926152.0,0.0,0.0,0.0
19412558,2018-11-08,ZA181A3Q,ST8000NM0055,1.0,0.0,0.0,39416353024.0,0.0,0.0,0.0
19484642,2022-03-25,ZA181A68,ST8000NM0055,1.0,14552.0,41.0,74944565152.0,4295032833.0,0.0,0.0
19484919,2018-10-04,ZA181A6A,ST8000NM0055,1.0,8.0,3.0,37773711688.0,0.0,16.0,16.0
19490894,2020-11-24,ZA181A6K,ST8000NM0055,1.0,24704.0,29.0,65950025704.0,0.0,0.0,0.0
19541030,2020-07-21,ZA181A80,ST8000NM0055,1.0,48.0,6.0,63805060576.0,0.0,16.0,16.0
19615123,2018-09-26,ZA181AA1,ST8000NM0055,1.0,1.0,3.0,37629292584.0,0.0,8.0,8.0
19658420,2019-10-16,ZA181ABA,ST8000NM0055,1.0,0.0,0.0,53393599464.0,0.0,40.0,40.0
19705379,2020-11-20,ZA181ECL,ST8000NM0055,1.0,2192.0,1.0,66939940144.0,0.0,0.0,0.0
19753561,2019-10-03,ZA181HSL,ST8000NM0055,1.0,9680.0,16.0,52271361664.0,0.0,0.0,0.0
19773661,2019-03-10,ZA181JB7,ST8000NM0055,1.0,0.0,7.0,44416411480.0,0.0,24.0,24.0
19778269,2021-08-25,ZA181JDA,ST8000NM0055,1.0,7672.0,0.0,74478089624.0,0.0,0.0,0.0
19801700,2019-04-28,ZA181JK1,ST8000NM0055,1.0,1248.0,3.0,46100741088.0,0.0,0.0,0.0
19810800,2020-06-23,ZA181JMH,ST8000NM0055,1.0,16.0,0.0,61888007896.0,0.0,0.0,0.0
19821106,2019-04-15,ZA181K0Y,ST8000NM0055,1.0,0.0,3.0,43932638152.0,0.0,8.0,8.0
19832190,2021-06-07,ZA181KDV,ST8000NM0055,1.0,37745.0,43.0,72373350256.0,0.0,0.0,0.0
19851995,2018-05-17,ZA181KXV,ST8000NM0055,1.0,0.0,0.0,32123868896.0,0.0,0.0,0.0
19894599,2022-06-26,ZA181LFF,ST8000NM0055,1.0,0.0,98.0,81012480232.0,4295032833.0,8.0,8.0
19947277,2018-08-26,ZA18251W,ST8000NM0055,1.0,0.0,0.0,37531653768.0,0.0,0.0,0.0
19966323,2020-10-23,ZA1825LX,ST8000NM0055,1.0,32.0,0.0,67086825760.0,0.0,0.0,0.0
19992234,2022-05-16,ZA182L0T,ST8000NM0055,1.0,16.0,3.0,81528047816.0,0.0,0.0,0.0
20094917,2020-02-07,ZA185R4T,ST8000NM0055,1.0,8.0,3.0,57799540960.0,0.0,8.0,8.0
20107278,2018-01-27,ZA186EAZ,ST8000NM0055,1.0,0.0,0.0,26713856328.0,0.0,0.0,0.0
20156605,2022-04-16,ZA188QP4,ST8000NM0055,1.0,15256.0,66.0,78815671176.0,0.0,0.0,0.0
20158184,2022-04-30,ZA188RB6,ST8000NM0055,1.0,27168.0,44.0,80318648488.0,0.0,0.0,0.0
20185685,2021-07-03,ZA188Z1K,ST8000NM0055,1.0,0.0,0.0,73484325240.0,4295032833.0,0.0,0.0
20186075,2019-01-28,ZA1890DY,ST8000NM0055,1.0,10360.0,2.0,43574604496.0,0.0,0.0,0.0
20194171,2022-03-25,ZA18930Q,ST8000NM0055,1.0,33224.0,132.0,80609319680.0,4295032833.0,8.0,8.0
20244929,2021-10-09,ZA189G1C,ST8000NM0055,1.0,72.0,0.0,77238039440.0,0.0,0.0,0.0
20287550,2018-01-17,ZA189HET,ST8000NM0055,1.0,169.0,11.0,25583153944.0,0.0,128.0,128.0
20365030,2019-04-05,ZA189HT4,ST8000NM0055,1.0,16.0,0.0,45824036792.0,0.0,0.0,0.0
20392047,2020-03-06,ZA189HVC,ST8000NM0055,1.0,0.0,0.0,57868769008.0,0.0,0.0,0.0
20398931,2018-11-26,ZA189HVR,ST8000NM0055,1.0,6952.0,21.0,40182595712.0,0.0,40.0,40.0
20411892,2022-01-30,ZA189HWN,ST8000NM0055,1.0,16.0,0.0,78777495656.0,0.0,0.0,0.0
20441253,2022-02-11,ZA189HZ4,ST8000NM0055,1.0,4936.0,6.0,77656935240.0,0.0,0.0,0.0
20452413,2021-08-20,ZA189HZW,ST8000NM0055,1.0,0.0,0.0,73149892008.0,0.0,0.0,0.0
20554482,2021-11-25,ZA189J6J,ST8000NM0055,1.0,40.0,10.0,76883306544.0,4295491601.0,8.0,8.0
20581955,2021-06-05,ZA189J8H,ST8000NM0055,1.0,8528.0,24.0,70230206408.0,0.0,0.0,0.0
20626874,2019-11-04,ZA189JB2,ST8000NM0055,1.0,0.0,0.0,53320077752.0,0.0,0.0,0.0
20628325,2021-12-24,ZA189JB8,ST8000NM0055,1.0,8.0,0.0,77365769504.0,0.0,0.0,0.0
20643027,2022-05-13,ZA189JBR,ST8000NM0055,1.0,42856.0,39.0,80981894872.0,0.0,24.0,24.0
20647085,2020-02-21,ZA189JC0,ST8000NM0055,1.0,0.0,0.0,57919546344.0,4295032843.0,0.0,0.0
20650043,2021-08-13,ZA189JCA,ST8000NM0055,1.0,160.0,3.0,72157859416.0,0.0,0.0,0.0
20658184,2022-05-07,ZA189JCK,ST8000NM0055,1.0,616.0,1.0,80405261400.0,0.0,0.0,0.0
20674174,2021-05-26,ZA189JDQ,ST8000NM0055,1.0,1.0,3.0,71092564080.0,0.0,0.0,0.0
20736790,2018-12-10,ZA189JLB,ST8000NM0055,1.0,1248.0,9.0,40512143440.0,0.0,0.0,0.0
20761173,2018-09-12,ZA189JN2,ST8000NM0055,1.0,2008.0,0.0,36353742912.0,0.0,0.0,0.0
20793743,2021-12-07,ZA189JR2,ST8000NM0055,1.0,11485.0,51.0,76760988968.0,0.0,0.0,0.0
20832134,2019-12-02,ZA189JVA,ST8000NM0055,1.0,0.0,0.0,54377355912.0,0.0,0.0,0.0
20852087,2019-12-07,ZA189JX6,ST8000NM0055,1.0,56.0,3.0,53929106072.0,0.0,16.0,16.0
20860779,2019-05-14,ZA189JXJ,ST8000NM0055,1.0,1576.0,7.0,46455331768.0,0.0,8.0,8.0
20865313,2021-06-11,ZA189JXX,ST8000NM0055,1.0,144.0,7.0,70903115520.0,0.0,0.0,0.0
20874640,2021-02-07,ZA189JZC,ST8000NM0055,1.0,37464.0,22.0,68077931920.0,0.0,0.0,0.0
20915175,2021-04-22,ZA189K4J,ST8000NM0055,1.0,16.0,0.0,70319448072.0,0.0,0.0,0.0
20955585,2020-12-17,ZA189K6P,ST8000NM0055,1.0,60424.0,105.0,66722619928.0,0.0,0.0,0.0
20956759,2021-03-21,ZA189K6Q,ST8000NM0055,1.0,53976.0,61.0,68961967120.0,0.0,0.0,0.0
20960992,2020-08-14,ZA189K74,ST8000NM0055,1.0,248.0,6.0,62274251760.0,0.0,8.0,8.0
20961945,2019-04-24,ZA189K76,ST8000NM0055,1.0,0.0,0.0,46470923608.0,0.0,0.0,0.0
21017574,2020-03-09,ZA189KBJ,ST8000NM0055,1.0,24800.0,20.0,58403148288.0,0.0,0.0,0.0
21108670,2019-10-23,ZA189MPQ,ST8000NM0055,1.0,40.0,0.0,54372058408.0,0.0,0.0,0.0
21128826,2019-05-06,ZA189S3R,ST8000NM0055,1.0,0.0,0.0,48021013160.0,0.0,0.0,0.0
21181611,2020-03-13,ZA189W00,ST8000NM0055,1.0,11888.0,16.0,58148161256.0,0.0,0.0,0.0
21439693,2019-08-25,ZA189WWC,ST8000NM0055,1.0,168.0,15.0,50049011496.0,0.0,40.0,40.0
21496948,2022-03-17,ZA189X28,ST8000NM0055,1.0,88.0,23.0,79810608000.0,0.0,0.0,0.0
21605796,2019-02-13,ZA189XD8,ST8000NM0055,1.0,0.0,0.0,43316660528.0,0.0,0.0,0.0
21678119,2018-07-31,ZA189XL1,ST8000NM0055,1.0,0.0,0.0,35390532576.0,0.0,0.0,0.0
21709910,2019-10-16,ZA189XNN,ST8000NM0055,1.0,33008.0,16.0,53396158560.0,0.0,0.0,0.0
21718786,2019-11-17,ZA189XP8,ST8000NM0055,1.0,0.0,0.0,53503061096.0,0.0,0.0,0.0
21841679,2019-04-09,ZA189Y1M,ST8000NM0055,1.0,0.0,7.0,46086792880.0,0.0,16.0,16.0
21847914,2021-08-13,ZA189Y2E,ST8000NM0055,1.0,0.0,0.0,73459713288.0,0.0,8.0,8.0
22009808,2019-07-18,ZA18A89Q,ST8000NM0055,1.0,3248.0,32.0,50637144376.0,0.0,0.0,0.0
22063332,2020-12-13,ZA18A9B7,ST8000NM0055,1.0,0.0,0.0,66079199112.0,0.0,0.0,0.0
22083606,2019-08-30,ZA18AAH9,ST8000NM0055,1.0,235.0,93.0,50421422896.0,0.0,1056.0,1056.0
22123511,2019-07-24,ZA18AAR1,ST8000NM0055,1.0,,,,,,
22155344,2019-11-28,ZA18AB4N,ST8000NM0055,1.0,248.0,0.0,55709302960.0,0.0,0.0,0.0
22161776,2022-03-01,ZA18AB8M,ST8000NM0055,1.0,48.0,6.0,82111158816.0,0.0,40.0,40.0
22164498,2020-12-22,ZA18ABGE,ST8000NM0055,1.0,45440.0,85.0,68371226368.0,0.0,0.0,0.0
22165398,2020-06-22,ZA18AC2Z,ST8000NM0055,1.0,7200.0,125.0,60592885008.0,8590065666.0,0.0,0.0
22258488,2021-08-07,ZA18BLF0,ST8000NM0055,1.0,20080.0,59.0,72381918608.0,0.0,0.0,0.0
22287008,2019-10-21,ZA18BLJ1,ST8000NM0055,1.0,1208.0,13.0,52993774104.0,0.0,40.0,40.0
22307382,2019-12-10,ZA18BLN9,ST8000NM0055,1.0,0.0,0.0,53752894784.0,0.0,0.0,0.0
22375900,2021-08-15,ZA18BLTD,ST8000NM0055,1.0,47312.0,153.0,73597417736.0,0.0,0.0,0.0
22482141,2021-09-08,ZA18BM01,ST8000NM0055,1.0,48.0,0.0,74140794424.0,0.0,0.0,0.0
22502680,2020-05-22,ZA18BM12,ST8000NM0055,1.0,8.0,6.0,60142152256.0,0.0,16.0,16.0
22514140,2022-06-17,ZA18BM20,ST8000NM0055,1.0,72.0,0.0,82105723696.0,0.0,0.0,0.0
22640371,2018-02-07,ZA18BTGX,ST8000NM0055,1.0,0.0,0.0,25994046264.0,0.0,0.0,0.0
22682993,2018-04-13,ZA18BTKS,ST8000NM0055,1.0,64.0,0.0,30168843816.0,0.0,0.0,0.0
22709799,2022-05-06,ZA18BTLY,ST8000NM0055,1.0,13392.0,44.0,82962070456.0,0.0,0.0,0.0
22804901,2021-10-30,ZA18BTS8,ST8000NM0055,1.0,0.0,0.0,77133842584.0,4295032833.0,0.0,0.0
22844648,2020-11-10,ZA18BTVW,ST8000NM0055,1.0,27576.0,84.0,66950621824.0,0.0,0.0,0.0
22861712,2019-11-09,ZA18BTXY,ST8000NM0055,1.0,7432.0,3.0,54294928080.0,0.0,16.0,16.0
22906514,2019-07-08,ZA18BV0E,ST8000NM0055,1.0,0.0,84.0,48637941456.0,0.0,8.0,8.0
23026236,2019-04-30,ZA18CD35,ST8000NM0055,1.0,8.0,0.0,20194307157.0,0.0,0.0,0.0
23041581,2019-08-18,ZA18CD5Y,ST8000NM0055,1.0,,,,,,
23091829,2020-12-15,ZA18CDDD,ST8000NM0055,1.0,0.0,0.0,65021446656.0,0.0,0.0,0.0
23119780,2019-07-01,ZA18CDZ5,ST8000NM0055,1.0,192.0,3.0,48052431664.0,0.0,96.0,96.0
23308627,2019-01-06,ZA18CEVN,ST8000NM0055,1.0,32.0,3.0,41614180576.0,0.0,8.0,8.0
23318983,2019-06-08,ZA18CEXC,ST8000NM0055,1.0,16.0,0.0,47417716240.0,0.0,0.0,0.0
23382890,2019-07-10,ZA18DFFK,ST8000NM0055,1.0,0.0,0.0,28709591680.0,0.0,0.0,0.0
23386931,2020-07-16,ZA18GX05,ST8000NM0055,1.0,2144.0,11.0,21067017640.0,0.0,0.0,0.0
23398360,2020-01-10,ZA18T4CF,ST8000NM0055,1.0,928.0,0.0,2013617672.0,8590065666.0,0.0,0.0
23412999,2020-12-26,ZA19QJKK,ST8000NM0055,1.0,32416.0,86.0,38944996800.0,0.0,0.0,0.0
23444815,2021-06-24,ZA1B1N5H,ST8000NM0055,1.0,4.0,0.0,33393799560.0,4295032833.0,0.0,0.0
23457719,2022-05-22,ZA1BC1Q4,ST8000NM0055,1.0,29015.0,19.0,17021283504.0,0.0,320.0,320.0
23460861,2021-08-03,ZA1BHGKE,ST8000NM0055,1.0,61784.0,93.0,35035346872.0,0.0,88.0,88.0
23460963,2022-03-18,ZA1BJB4Q,ST8000NM0055,1.0,0.0,0.0,0.0,0.0,0.0,0.0
23476378,2021-09-06,ZA1BYB2G,ST8000NM0055,1.0,1736.0,11.0,40237882604.0,0.0,8.0,8.0
23476486,2021-10-14,ZA1BYXP8,ST8000NM0055,1.0,0.0,0.0,16469505856.0,0.0,0.0,0.0
23486036,2019-08-30,ZA1CGRE4,ST8000NM0055,1.0,0.0,0.0,19878870432.0,0.0,0.0,0.0
23502528,2021-10-10,ZA1D9CZW,ST8000NM0055,1.0,0.0,0.0,17454838928.0,0.0,0.0,0.0
23514074,2021-02-06,ZA1DFZFA,ST8000NM0055,1.0,624.0,0.0,43561227184.0,0.0,0.0,0.0
23589465,2022-06-28,ZA1FX3T1,ST8000NM0055,1.0,33104.0,22.0,15622447488.0,0.0,64.0,64.0
23590298,2021-07-16,ZA1GA3V4,ST8000NM0055,1.0,0.0,0.0,2103673448.0,0.0,0.0,0.0
23595077,2022-06-12,ZA1HESGQ,ST8000NM0055,1.0,16064.0,80.0,14399488696.0,0.0,48.0,48.0
23601702,2022-03-19,ZA1J9ABM,ST8000NM0055,1.0,0.0,0.0,0.0,0.0,0.0,0.0
23604260,2022-03-25,ZA1JWY0B,ST8000NM0055,1.0,0.0,0.0,0.0,0.0,0.0,0.0
23604785,2022-03-11,ZA1JXEFV,ST8000NM0055,1.0,0.0,0.0,5458880.0,0.0,0.0,0.0
